CRS #,Room,1000,1001
89326EE007897,77.35,4.64,5.41
89326EE007678,627.3,37.62,43.92
89326EE007892,81.6,4.9,5.71
89326EE007872,84.0,5.04,5.88
89326EE007894,96.0,5.76,6.72
89326EE007851,0.0,0.0,0.0
89326EE007231,1897.2,113.84,132.83
89326EE007324,692.75,41.56,48.48
89326EE007860,0.0,0.0,0.0
89326EE007599,128.94,3.73,4.35
89326EE007569,1218.0,0.0,0.0
89326EE007681,322.68,0.0,0.0
89326EE007682,322.68,0.0,0.0
89326EE007896,81.6,4.9,5.71
89326EE007898,91.0,5.46,6.37
89326EE007865,95.06,5.7,6.65
89326EE007685,413.0,24.78,28.91
89326EE007747,310.82,18.65,21.76
89326EE007880,59.0,3.54,4.13
89326EE007153,608.91,36.53,42.61
89326EE007841,-84.0,-5.04,-5.88
89326EE007787,253.3,15.2,17.73
89326EE007828,104.86,6.29,7.34
89326EE007853,104.86,6.29,7.34
89326EE007893,81.9,4.91,5.73
89326EE007842,79.0,4.74,5.53
89326EE007886,95.06,5.7,6.65
89326EE007866,95.06,5.7,6.65
89326EE007883,67.9,4.07,4.75
89326EE007785,90.95,5.46,6.37
89326EE007746,249.05,14.95,17.43
89326EE007889,81.6,4.9,5.71
89326EE007848,0.0,0.0,0.0
89326EE007819,345.0,0.0,0.0
89326EE007527,2590.0,0.0,0.0
89326EE007757,0.0,0.0,0.0
89326EE007908,0.0,0.0,0.0
89326EE007778,71.61,0.0,0.0
89326EE007888,815.81,0.0,0.0
89326EE007904,65.8,3.95,4.61
89326EE007919,15.99,1.23,-1.23
89326EE007613,66.5,3.99,4.66
89326EE007921,93.0,5.58,6.51
89326EE007903,65.8,3.95,4.61
89326EE007905,296.0,0.0,0.0
89326EE006905,108.78,6.53,7.61
89326EE007920,83.7,5.02,5.86
89326EE007475,312.23,18.73,21.87
89326EE007915,93.0,5.58,6.51
89326EE007875,75.65,4.54,5.3
89326EE007914,1647.0,54.42,63.49
89326EE007911,150.5,0.0,0.0
89326EE007943,75.68,0.0,0.0
89326EE007949,158.1,9.48,11.06
89326EE007952,61.6,3.7,4.31
89326EE007942,0.0,0.0,0.0
89326EE007954,93.0,5.58,6.51
89326EE007937,390.0,23.4,27.3
89326EE007955,372.0,22.32,26.04
89326EE007789,326.4,19.59,22.85
89326EE007944,61.6,3.7,4.31
89326EE007449,184.0,11.04,12.88
89326EE007956,93.0,5.58,6.51
89326EE007912,93.0,5.58,6.51
89326EE007089,0.0,0.0,0.0
89326EE007882,76.23,0.0,0.0
89326EE007947,88.0,5.28,6.16
89326EE007953,93.0,5.58,6.51
89326EE007935,93.0,5.58,6.51
89326EE007588,288.12,17.28,20.16
89326EE007446,184.0,11.04,12.88
89326EE007948,67.76,0.0,0.0
89326EE007945,167.4,10.04,11.72
89326EE007951,186.0,11.16,13.02
89326EE007855,400.16,24.01,28.01
89326EE007930,300.3,0.0,0.0
89326EE007541,-61.15,0.0,0.0
89326EE008018,0.0,0.0,0.0
89326EE007992,99.0,5.94,6.93
89326EE007982,69.3,4.16,4.85
89326EE008021,0.0,0.0,0.0
89326EE007748,0.0,0.0,0.0
89326EE007591,0.0,0.0,0.0
89326EE008025,109.88,6.59,7.69
89326EE007979,69.3,4.16,4.85
89326EE008052,139.0,8.34,9.73
89326EE007995,223.44,13.4,15.64
89326EE007996,88.4,5.3,6.19
89326EE007998,126.42,7.59,8.85
89326EE008002,194.04,11.64,13.58
89326EE008049,97.3,5.84,6.81
89326EE007957,88.4,5.3,6.19
89326EE008043,139.0,8.34,9.73
89326EE008001,129.0,7.74,9.03
89326EE007970,76.23,0.0,0.0
89326EE008010,193.8,11.62,13.56
89326EE008005,88.4,5.3,6.19
89326EE007958,288.0,17.28,20.16
89326EE008000,99.0,5.94,6.93
89326EE008040,112.56,6.75,7.88
89326EE007985,99.0,5.94,6.93
89326EE007976,83.16,4.99,5.82
89326EE008024,139.0,8.34,9.73
89326EE008027,131.32,7.88,9.19
89326EE008013,139.0,8.34,9.73
89326EE008016,118.15,7.09,8.27
89326EE008011,99.0,5.94,6.93
89326EE007997,76.3,4.58,5.34
89326EE008009,106.82,6.41,7.48
89326EE007990,74.25,0.0,0.0
89326EE008041,134.0,8.04,9.38
89326EE008039,103.18,0.0,0.0
89326EE007987,198.0,11.88,13.86
89326EE007973,84.15,5.05,5.89
89326EE008029,118.15,7.09,8.27
89326EE007975,198.0,11.88,13.86
89326EE008026,118.15,7.09,8.27
89326EE007978,104.0,6.24,7.28
89326EE008023,93.8,5.63,6.57
89326EE008017,115.24,0.0,0.0
89326EE007966,645.15,38.71,45.18
89326EE008008,104.0,6.24,7.28
89326EE008048,107.2,6.43,7.5
89326EE007994,-19.06,8.8,10.26
89326EE007981,198.0,11.88,13.86
89326EE008036,59.0,3.54,4.13
89326EE008034,59.0,3.54,4.13
89326EE008033,59.0,3.54,4.13
89326EE008037,139.0,8.34,9.73
89326EE008032,134.0,8.04,9.38
89326EE008030,59.0,3.54,4.13
89326EE008035,59.0,3.54,4.13
89326EE008038,78.0,4.68,5.46
89326EE008058,76.23,0.0,0.0
89326EE008065,99.0,5.94,6.93
89326EE008057,89.1,5.35,6.24
89326EE008012,485.35,29.12,33.99
89326EE008085,109.0,6.54,7.63
89326EE008072,99.96,6.0,7.0
89326EE008064,84.15,5.05,5.89
89326EE008089,109.0,6.54,7.63
89326EE008090,109.0,6.54,7.63
89326EE008061,97.02,5.82,6.79
89326EE008079,103.18,0.0,0.0
89326EE008076,104.0,6.24,7.28
89326EE008073,72.75,0.0,0.0
89326EE007750,90.1,5.41,6.31
89326EE008081,88.4,5.3,6.19
89326EE008075,97.0,5.82,6.79
89326EE008078,80.08,4.8,5.61
89326EE008066,88.4,5.3,6.19
89326EE008060,97.02,5.82,6.79
89326EE007751,90.1,5.41,6.31
89326EE008082,62.4,3.74,4.37
89326EE008067,74.69,0.0,0.0
89326EE008087,80.08,0.0,0.0
89326EE007696,-25.0,0.0,0.0
89326EE007817,-28.25,0.0,0.0
89326EE007312,-22.6,0.0,0.0
89326EE008121,77.35,4.64,5.41
89326EE008059,90.0,5.4,6.3
89326EE008110,86.0,5.16,6.02
89326EE008116,22.12,1.33,1.55
89326EE008084,90.0,5.4,6.3
89326EE008118,91.0,5.46,6.37
89326EE008113,202.0,12.12,14.14
89326EE007741,483.0,0.0,0.0
89326EE007969,90.0,5.4,6.3
89326EE008111,202.0,12.12,14.14
89326EE008109,73.1,4.39,5.12
89326EE008117,73.1,4.39,5.12
89326EE008112,202.0,12.12,14.14
89326EE008088,884.21,0.0,0.0
89326EE008107,77.35,4.64,5.41
89326EE008120,84.28,5.06,5.9
89326EE008119,84.28,5.06,5.9
89326EE008114,73.1,4.39,5.12
89326EE007968,90.0,5.4,6.3
89326EE008115,73.1,4.39,5.12
89326EE008091,85.47,0.0,0.0
89326EE008146,95.4,5.72,6.68
89326EE008147,106.0,6.36,7.42
89326EE008140,354.0,21.24,24.78
89326EE008071,381.22,22.86,26.69
89326EE008127,90.1,5.41,6.31
89326EE008138,59.0,3.54,4.13
89326EE007984,100.94,6.06,7.07
89326EE007722,181.8,10.91,12.73
89326EE007721,181.8,10.91,12.73
89326EE008137,90.1,5.41,6.31
89326EE008145,95.4,5.72,6.68
89326EE008126,106.0,6.36,7.42
89326EE007986,100.94,6.06,7.07
89326EE006631,-285.7,0.0,0.0
89326EE008176,76.54,0.0,0.0
89326EE008165,175.0,10.5,12.25
89326EE008160,76.54,0.0,0.0
89326EE008167,87.22,5.23,6.11
89326EE008125,135.8,8.15,9.51
89326EE008157,53.4,3.2,3.74
89326EE008173,79.9,4.79,5.59
89326EE008168,89.0,5.34,6.23
89326EE008162,79.9,4.79,5.59
89326EE008159,94.0,5.64,6.58
89326EE008153,102.9,6.17,7.2
89326EE008175,94.0,5.64,6.58
89326EE008170,75.2,4.51,5.26
89326EE008161,89.0,5.34,6.23
89326EE008158,94.0,5.64,6.58
89326EE008152,162.35,9.75,11.37
89326EE008155,73.5,4.41,5.15
89326EE008171,89.0,5.34,6.23
89326EE008172,79.9,4.79,5.59
89326EE007593,0.0,3.44,4.02
89326EE008208,79.0,4.74,5.53
89326EE008199,77.42,4.65,5.42
89326EE008200,77.42,4.65,5.42
89326EE008202,142.8,8.56,10.0
89326EE008185,77.42,4.65,5.42
89326EE008150,178.0,10.68,12.46
89326EE008207,84.0,5.04,5.88
89326EE008209,71.1,4.27,4.98
89326EE008183,67.15,4.03,4.7
89326EE007885,152.59,9.16,10.68
89326EE008154,86.0,5.16,6.02
89326EE008177,231.2,13.87,16.18
89326EE008195,79.0,4.74,5.53
89326EE008194,55.3,0.0,0.0
89326EE008184,59.25,0.0,0.0
89326EE008181,66.22,0.0,0.0
89326EE008204,55.3,0.0,0.0
89326EE008201,67.15,4.03,4.7
89326EE008047,285.0,17.1,19.95
89326EE008203,55.3,0.0,0.0
89326EE008228,90.0,5.4,6.3
89326EE008244,85.0,5.1,5.95
89326EE008222,78.2,4.69,5.47
89326EE007879,74.8,4.49,5.24
89326EE008242,65.45,0.0,0.0
89326EE008219,92.0,5.52,6.44
89326EE008231,90.0,5.4,6.3
89326EE008232,85.0,5.1,5.95
89326EE008094,268.52,16.11,18.8
89326EE008235,1329.7,79.78,93.08
89326EE008230,81.0,4.86,5.67
89326EE007340,109.0,6.54,7.63
89326EE008225,90.0,5.4,6.3
89326EE008241,76.5,4.59,5.36
89326EE006680,109.0,6.54,7.63
89326EE008237,90.0,5.4,6.3
89326EE008238,85.0,5.1,5.95
89326EE008217,78.2,4.69,5.47
89326EE008240,63.75,3.83,4.46
89326EE008221,78.54,0.0,0.0
89326EE008156,92.0,5.52,6.44
89326EE008289,84.15,5.05,5.89
89326EE008284,99.0,5.94,6.93
89326EE008257,79.9,4.79,5.59
89326EE008236,97.02,5.82,6.79
89326EE008274,72.38,0.0,0.0
89326EE008275,72.38,0.0,0.0
89326EE008268,94.0,5.64,6.58
89326EE008269,84.15,5.05,5.89
89326EE008260,65.8,3.95,4.61
89326EE008255,94.0,5.64,6.58
89326EE007989,121.52,7.29,8.51
89326EE008270,92.12,5.53,6.45
89326EE008271,94.0,5.64,6.58
89326EE008104,490.45,29.42,34.32
89326EE008282,94.0,5.64,6.58
89326EE008278,65.8,3.95,4.61
89326EE008279,95.48,0.0,0.0
89326EE008214,420.0,25.2,29.4
89326EE008290,99.0,5.94,6.93
89326EE008287,99.0,5.94,6.93
89326EE008281,94.0,5.64,6.58
89326EE008283,89.1,5.35,6.24
89326EE008259,92.12,5.53,6.45
89326EE008256,84.6,5.08,5.92
89326EE007512,-60.83,0.0,0.0
89326EE007874,124.06,0.0,0.0
89326EE008277,70.5,0.0,0.0
89326EE008303,79.05,4.74,5.53
89326EE008325,1776.0,0.0,0.0
89326EE008327,79.2,4.75,5.54
89326EE008306,79.98,0.0,0.0
89326EE008322,88.0,5.28,6.16
89326EE008247,91.14,5.47,6.38
89326EE008338,59.0,3.54,4.13
89326EE008332,93.0,5.58,6.51
89326EE008312,173.7,10.42,12.16
89326EE008196,488.75,29.33,34.21
89326EE008330,93.0,5.58,6.51
89326EE008304,91.14,5.47,6.38
89326EE008321,93.0,5.58,6.51
89326EE008101,333.2,19.99,23.32
89326EE008323,88.0,5.28,6.16
89326EE008315,91.14,5.47,6.38
89326EE008337,79.05,4.74,5.53
89326EE008334,71.0,4.26,4.97
89326EE008273,22.12,1.33,1.55
89326EE008245,140.91,0.0,0.0
89326EE008324,74.8,4.49,5.24
89326EE008329,88.0,5.28,6.16
89326EE008298,65.1,3.91,4.56
89326EE008305,79.98,0.0,0.0
89326EE008313,137.25,0.0,0.0
89326EE008328,66.0,0.0,0.0
89326EE008342,88.2,5.29,6.17
89326EE008261,90.0,5.4,6.3
89326EE008347,76.5,4.59,5.36
89326EE008373,80.75,4.85,5.65
89326EE008393,85.0,5.1,5.95
89326EE008369,-8.19,3.78,4.41
89326EE008372,80.75,4.85,5.65
89326EE008397,85.0,5.1,5.95
89326EE008193,79.05,5.36,4.91
89326EE008387,85.0,5.1,5.95
89326EE008385,85.0,5.1,5.95
89326EE008297,90.0,5.4,6.3
89326EE008375,90.0,5.4,6.3
89326EE008339,88.2,5.29,6.17
89326EE008377,56.0,3.36,3.92
89326EE008388,85.0,5.1,5.95
89326EE008360,88.2,5.29,6.17
89326EE008348,66.0,3.96,4.62
89326EE008371,77.4,0.0,0.0
89326EE008102,483.0,0.0,0.0
89326EE008380,76.23,0.0,0.0
89326EE007775,85.0,5.1,5.95
89326EE008425,98.1,5.89,6.87
89326EE008443,99.0,5.94,6.93
89326EE008444,89.1,5.35,6.24
89326EE008422,109.0,6.54,7.63
89326EE008428,89.1,5.35,6.24
89326EE008437,89.1,5.35,6.24
89326EE008432,89.1,5.35,6.24
89326EE008423,109.0,6.54,7.63
89326EE007592,57.4,3.44,4.02
89326EE007977,112.0,6.72,7.84
89326EE008415,98.1,5.89,6.87
89326EE008416,59.0,3.54,4.13
89326EE007365,124.46,7.47,8.71
89326EE008405,92.65,5.56,6.49
89326EE008427,59.0,3.54,4.13
89326EE008434,89.1,5.35,6.24
89326EE008254,238.0,14.28,16.66
89326EE008418,218.0,13.08,15.26
89326EE008436,89.1,5.35,6.24
89326EE008398,268.2,16.1,18.78
89326EE008233,551.18,0.0,0.0
89326EE008376,83.93,0.0,0.0
89326EE008424,83.93,0.0,0.0
89326EE008433,89.1,5.35,6.24
89326EE008481,0.0,0.0,0.0
89326EE008486,76.23,0.0,0.0
89326EE008464,76.23,0.0,0.0
89326EE008480,104.0,6.24,7.28
89326EE008459,89.1,5.35,6.24
89326EE008473,99.0,5.94,6.93
89326EE008471,76.23,0.0,0.0
89326EE008487,99.0,5.94,6.93
89326EE008466,99.0,5.94,6.93
89326EE008431,178.0,10.68,12.46
89326EE008454,99.0,5.94,6.93
89326EE008478,89.1,5.35,6.24
89326EE008493,104.0,6.24,7.28
89326EE008472,97.02,5.82,6.79
89326EE008468,69.3,4.16,4.85
89326EE008447,168.3,10.1,11.78
89326EE005974,200.6,12.04,14.05
89326EE008488,88.4,5.3,6.19
89326EE008483,88.4,5.3,6.19
89326EE008491,129.0,7.74,9.03
89326EE008492,76.23,0.0,0.0
89326EE008469,99.0,5.94,6.93
89326EE008420,196.0,11.76,13.72
89326EE008489,104.0,6.24,7.28
89326EE008484,89.1,5.35,6.24
89326EE008470,99.0,5.94,6.93
89326EE008440,97.02,5.82,6.79
89326EE008477,68.6,0.0,0.0
89326EE008361,0.0,0.0,0.0
89326EE008482,0.0,0.0,0.0
89326EE008505,78.3,4.7,5.48
89326EE008465,57.75,0.0,0.0
89326EE008501,82.0,4.92,5.74
89326EE008523,59.29,0.0,0.0
89326EE008524,82.0,4.92,5.74
89326EE008504,78.3,4.7,5.48
89326EE008507,104.86,6.29,7.34
89326EE008500,77.0,4.62,5.39
89326EE008364,99.0,5.94,6.93
89326EE008519,57.75,0.0,0.0
89326EE008495,65.45,3.93,4.58
89326EE008370,90.0,5.4,6.3
89326EE008517,82.0,4.92,5.74
89326EE008419,78.3,4.7,5.48
89326EE008525,65.45,3.93,4.58
89326EE008368,90.0,5.4,6.3
89326EE008406,80.0,4.8,5.6
89326EE008362,90.0,5.4,6.3
89326EE008341,59.0,3.54,4.13
89326EE008512,82.39,0.0,0.0
89326EE008515,141.04,0.0,0.0
89326EE008402,80.0,4.8,5.6
89326EE008502,59.0,3.54,4.13
89326EE008403,80.0,4.8,5.6
89326EE008508,82.0,4.92,5.74
89326EE008080,410.55,24.64,28.74
89326EE008514,82.0,4.92,5.74
89326EE008506,59.29,0.0,0.0
89326EE008511,59.29,0.0,0.0
89326EE008522,59.29,0.0,0.0
89326EE008520,66.22,0.0,0.0
89326EE008563,72.38,0.0,0.0
89326EE008567,80.08,0.0,0.0
89326EE008571,72.38,0.0,0.0
89326EE008308,284.05,0.0,0.0
89326EE008518,262.46,0.0,0.0
89326EE008569,72.38,0.0,0.0
89326EE008568,72.38,0.0,0.0
89326EE008309,284.05,0.0,0.0
89326EE008547,56.94,0.0,0.0
89326EE008560,94.0,5.64,6.58
89326EE008557,79.9,4.79,5.59
89326EE008548,118.0,7.08,8.26
89326EE008543,87.0,5.22,6.09
89326EE008534,59.0,3.54,4.13
89326EE007962,261.0,15.66,18.27
89326EE005869,97.2,5.83,6.8
89326EE008564,99.0,5.94,6.93
89326EE008561,92.12,5.53,6.45
89326EE008537,160.2,9.61,11.21
89326EE008531,85.26,5.12,5.97
89326EE008378,73.95,4.44,5.18
89326EE008574,94.0,5.64,6.58
89326EE008544,513.0,30.78,35.91
89326EE008575,99.0,5.94,6.93
89326EE007960,261.0,15.66,18.27
89326EE008570,89.1,5.35,6.24
89326EE008565,59.0,3.54,4.13
89326EE008562,84.0,5.04,5.88
89326EE008559,177.0,10.62,12.39
89326EE008310,284.05,0.0,0.0
89326EE008554,105.4,6.32,7.38
89326EE008530,85.26,5.12,5.97
89326EE008549,297.22,0.0,0.0
89326EE008258,386.0,23.16,27.02
89326EE008566,94.0,5.64,6.58
89326EE008556,79.9,4.79,5.59
89326EE008558,86.31,5.18,6.04
89326EE008553,97.02,5.82,6.79
89326EE008622,100.0,6.0,7.0
89326EE008621,100.0,6.0,7.0
89326EE008627,100.0,6.0,7.0
89326EE008582,59.0,3.54,4.13
89326EE008578,96.0,5.76,6.72
89326EE006751,392.0,0.0,0.0
89326EE007939,294.0,17.64,20.58
89326EE008615,45.0,2.7,3.15
89326EE008601,95.0,5.7,6.65
89326EE006748,392.0,0.0,0.0
89326EE008597,62.18,0.0,0.0
89326EE008476,314.0,18.84,21.98
89326EE008594,93.1,5.59,6.52
89326EE008591,68.25,0.0,0.0
89326EE008607,311.64,18.69,21.81
89326EE008596,80.75,4.85,5.65
89326EE008630,98.0,5.88,6.86
89326EE008619,770.0,46.2,53.9
89326EE008617,1235.0,5.7,6.65
89326EE008295,57.6,3.46,4.03
89326EE008572,91.0,5.46,6.37
89326EE008573,91.0,5.46,6.37
89326EE008600,95.0,5.7,6.65
89326EE007959,294.0,17.64,20.58
89326EE008609,59.0,3.54,4.13
89326EE008592,59.0,3.54,4.13
89326EE008625,98.0,5.88,6.86
89326EE008626,100.0,6.0,7.0
89326EE007934,219.3,0.0,0.0
89326EE006755,392.0,0.0,0.0
89326EE006754,392.0,0.0,0.0
89326EE008610,85.5,5.13,5.99
89326EE006752,392.0,0.0,0.0
89326EE008620,71.25,0.0,0.0
89326EE008624,90.0,5.4,6.3
89326EE008302,96.0,5.76,6.72
89326EE007936,294.0,17.64,20.58
89326EE008611,73.15,0.0,0.0
89326EE008612,100.0,6.0,7.0
89326EE008614,80.75,4.85,5.65
89326EE008587,197.4,11.85,13.81
89326EE008629,100.0,6.0,7.0
89326EE008583,89.18,5.35,6.24
89326EE006750,392.0,0.0,0.0
89326EE008613,81.7,0.0,0.0
89326EE006753,392.0,0.0,0.0
89326EE008533,77.35,4.64,5.41
89326EE008618,71.25,0.0,0.0
89326EE008496,63.7,3.82,4.46
89326EE008294,57.6,3.46,4.03
89326EE008602,59.0,3.54,4.13
89326EE006749,392.0,0.0,0.0
89326EE008599,96.25,0.0,0.0
89326EE006453,93.0,0.0,0.0
89326EE008679,87.01,0.0,0.0
89326EE008638,101.7,6.1,7.12
89326EE006450,93.0,0.0,0.0
89326EE008681,123.0,7.38,8.61
89326EE008683,115.64,6.94,8.09
89326EE006451,93.0,0.0,0.0
89326EE008516,83.25,0.0,0.0
89326EE008684,0.0,0.0,0.0
89326EE008634,105.0,6.3,7.35
89326EE006452,93.0,0.0,0.0
89326EE008670,101.7,6.1,7.12
89326EE008677,108.0,6.48,7.56
89326EE008435,249.05,14.94,17.43
89326EE008675,218.0,13.08,15.26
89326EE008474,111.0,6.66,7.77
89326EE008130,196.0,11.76,13.72
89326EE008408,233.0,13.98,16.31
89326EE006449,93.0,0.0,0.0
89326EE006448,93.0,0.0,0.0
89326EE006445,93.0,0.0,0.0
89326EE008658,110.74,6.64,7.75
89326EE008411,84.7,5.08,5.93
89326EE008412,98.0,5.88,6.86
89326EE006437,93.0,0.0,0.0
89326EE008659,113.0,6.78,7.91
89326EE008132,196.0,11.76,13.72
89326EE008128,196.0,11.76,13.72
89326EE008655,324.38,19.45,22.7
89326EE006439,93.0,0.0,0.0
89326EE008603,96.05,5.76,6.72
89326EE008605,96.05,5.76,6.72
89326EE006440,93.0,0.0,0.0
89326EE006447,93.0,0.0,0.0
89326EE008542,111.0,6.66,7.77
89326EE008664,87.01,0.0,0.0
89326EE008588,113.68,6.82,7.96
89326EE006444,93.0,0.0,0.0
89326EE008656,185.3,11.12,12.97
89326EE008657,110.74,6.64,7.75
89326EE006438,93.0,0.0,0.0
89326EE008691,106.2,6.37,7.43
89326EE008365,196.0,11.76,13.72
89326EE008400,196.0,11.76,13.72
89326EE008604,96.05,5.76,6.72
89326EE008407,233.0,13.98,16.31
89326EE006441,93.0,0.0,0.0
89326EE008633,92.55,7.35,8.58
89326EE008635,85.5,5.13,5.99
89326EE008666,110.74,6.64,7.75
89326EE006442,93.0,0.0,0.0
89326EE007932,340.0,20.4,23.8
89326EE006443,93.0,0.0,0.0
89326EE008662,87.01,0.0,0.0
89326EE008343,59.0,3.54,4.13
89326EE006446,93.0,0.0,0.0
89326EE008628,185.3,11.12,12.97
89326EE008720,107.0,6.42,7.49
89326EE008717,95.2,5.71,6.66
89326EE008539,112.0,6.72,7.84
89326EE008721,107.0,6.42,7.49
89326EE007432,302.6,18.16,21.19
89326EE007631,98.0,5.88,6.86
89326EE008648,208.0,12.48,14.56
89326EE008694,85.0,5.1,5.95
89326EE008448,95.2,5.71,6.66
89326EE008711,190.4,11.42,13.32
89326EE008716,104.86,6.29,7.34
89326EE007412,209.7,12.58,14.68
89326EE008707,97.0,5.82,6.79
89326EE008725,72.75,0.0,0.0
89326EE008719,82.39,0.0,0.0
89326EE008672,84.0,5.04,5.88
89326EE008696,85.0,5.1,5.95
89326EE008452,109.76,6.59,7.68
89326EE008446,103.7,6.22,7.26
89326EE008729,107.95,6.48,7.56
89326EE007876,262.4,15.75,18.36
89326EE008353,483.0,0.0,0.0
89326EE008740,118.0,7.08,8.26
89326EE008778,121.0,7.26,8.47
89326EE008779,121.0,7.26,8.47
89326EE008758,121.0,7.26,8.47
89326EE007940,84.15,5.05,5.89
89326EE008762,667.0,40.02,46.69
89326EE007331,218.74,13.13,15.31
89326EE007813,176.4,10.58,12.35
89326EE008532,125.1,7.51,8.76
89326EE007728,185.22,11.11,12.96
89326EE007974,99.0,5.94,6.93
89326EE007414,218.74,13.13,15.31
89326EE007373,218.74,13.13,15.31
89326EE008777,121.0,7.26,8.47
89326EE008775,59.0,3.54,4.13
89326EE008767,121.0,7.26,8.47
89326EE008726,113.0,6.78,7.91
89326EE008760,116.0,6.96,8.12
89326EE008745,253.3,15.21,17.73
89326EE008702,108.0,6.48,7.56
89326EE008713,695.91,0.0,0.0
89326EE008750,96.05,5.76,6.72
89326EE008753,98.6,5.92,6.9
89326EE008550,169.0,10.14,11.83
89326EE008765,35.1,2.11,2.46
89326EE008766,113.4,0.0,0.0
89326EE008757,75.92,0.0,0.0
89326EE008756,116.0,6.96,8.12
89326EE008746,75.6,0.0,0.0
89326EE008693,105.84,6.35,7.41
89326EE008640,142.1,0.0,0.0
89326EE008751,83.16,0.0,0.0
89326EE008736,105.84,6.35,7.41
89326EE008690,97.2,5.83,6.8
89326EE008169,87.3,5.24,6.11
89326EE008462,85.85,5.15,6.01
89326EE008463,90.1,5.41,6.31
89326EE008772,70.7,4.24,4.95
89326EE008818,92.0,5.52,6.44
89326EE008174,90.9,5.45,6.36
89326EE008646,66.5,3.99,4.66
89326EE008809,87.3,5.24,6.11
89326EE008811,92.0,5.52,6.44
89326EE007426,362.36,21.75,25.35
89326EE008773,101.0,6.06,7.07
89326EE008747,326.42,19.6,22.87
89326EE008802,83.42,0.0,0.0
89326EE008799,90.16,5.41,6.31
89326EE008796,103.7,6.22,7.26
89326EE008814,92.0,5.52,6.44
89326EE008800,79.12,0.0,0.0
89326EE008788,98.98,5.94,6.93
89326EE008801,92.0,5.52,6.44
89326EE008806,82.8,4.97,5.8
89326EE008651,93.1,5.59,6.52
89326EE008795,78.2,4.69,5.47
89326EE008786,155.2,9.31,10.87
89326EE007352,110.7,6.64,7.75
89326EE008798,90.16,5.41,6.31
89326EE008819,92.0,5.52,6.44
89326EE008813,92.0,5.52,6.44
89326EE008849,75.73,0.0,0.0
89326EE008791,74.7,4.48,5.23
89326EE008820,98.0,5.88,6.86
89326EE008705,75.46,0.0,0.0
89326EE008787,83.0,4.98,5.81
89326EE008792,74.7,4.48,5.23
89326EE008825,61.95,3.72,4.34
89326EE007971,270.3,16.22,18.93
89326EE007967,270.3,16.22,18.93
89326EE008822,84.28,0.0,0.0
89326EE008824,83.3,5.0,5.83
89326EE008216,260.73,15.65,18.25
89326EE008099,79.92,4.8,5.59
89326EE008697,195.0,11.7,13.65
89326EE008892,99.0,5.94,6.93
89326EE008883,106.0,6.36,7.42
89326EE008884,133.0,7.98,9.31
89326EE008901,88.4,5.3,6.19
89326EE008846,101.0,6.06,7.07
89326EE008409,83.7,5.02,5.86
89326EE008872,101.0,6.06,7.07
89326EE008873,90.9,5.45,6.36
89326EE008900,93.6,5.62,6.55
89326EE008845,270.29,0.0,0.0
89326EE008882,101.0,6.06,7.07
89326EE008741,170.85,10.25,11.96
89326EE008878,271.61,0.0,0.0
89326EE007232,208.0,12.48,14.56
89326EE008905,88.4,5.3,6.19
89326EE008880,111.35,6.68,7.79
89326EE008876,101.0,6.06,7.07
89326EE008877,271.61,0.0,0.0
89326EE008890,98.0,5.88,6.86
89326EE008077,97.2,5.83,6.8
89326EE008545,398.05,23.88,27.87
89326EE008906,88.4,5.3,6.19
89326EE008881,85.47,0.0,0.0
89326EE008875,74.0,4.44,5.18
89326EE008879,77.77,0.0,0.0
89326EE008893,84.15,5.05,5.89
89326EE008891,88.2,5.29,6.17
89326EE008941,93.0,5.58,6.51
89326EE006386,262.65,15.75,18.39
89326EE008924,98.0,5.88,6.86
89326EE008934,93.0,5.58,6.51
89326EE008927,98.0,5.88,6.86
89326EE008917,1333.8,80.04,93.44
89326EE008918,59.4,3.56,4.16
89326EE008936,93.0,5.58,6.51
89326EE008935,93.0,5.58,6.51
89326EE008939,123.0,7.38,8.61
89326EE008919,1078.0,64.68,75.46
89326EE008829,61.95,3.72,4.34
89326EE008874,101.92,6.12,7.13
89326EE008926,83.3,5.0,5.83
89326EE008933,79.05,4.74,5.53
89326EE007485,-322.05,0.0,0.0
89326EE008899,84.28,0.0,0.0
89326EE008922,372.0,22.32,26.04
89326EE008972,57.6,3.46,4.03
89326EE008944,68.6,4.12,4.8
89326EE008970,96.0,5.76,6.72
89326EE008973,86.4,5.18,6.05
89326EE008977,96.0,5.76,6.72
89326EE008950,2016.0,120.96,141.12
89326EE008673,49.48,0.0,0.0
89326EE008968,73.92,0.0,0.0
89326EE008966,86.4,5.18,6.05
89326EE008967,86.4,5.18,6.05
89326EE008976,86.1,5.17,6.03
89326EE008965,74.0,4.44,5.18
89326EE008942,73.5,0.0,0.0
89326EE008895,75.0,0.0,0.0
89326EE009020,100.0,6.0,7.0
89326EE009014,95.0,5.7,6.65
89326EE009017,81.7,0.0,0.0
89326EE009007,95.0,5.7,6.65
89326EE008430,96.04,5.76,6.72
89326EE009001,88.2,5.29,6.17
89326EE008136,260.25,15.63,18.21
89326EE009010,95.0,5.7,6.65
89326EE009008,95.0,5.7,6.65
89326EE009003,88.2,5.29,6.17
89326EE009006,59.0,3.54,4.13
89326EE009005,96.04,5.76,6.72
89326EE008988,84.15,5.05,5.89
89326EE009016,95.0,5.7,6.65
89326EE009013,73.15,0.0,0.0
89326EE009011,73.15,0.0,0.0
89326EE008699,483.0,0.0,0.0
89326EE009012,73.15,0.0,0.0
89326EE009060,104.0,6.24,7.28
89326EE009068,104.0,6.24,7.28
89326EE009043,84.15,5.05,5.89
89326EE009024,97.02,5.82,6.79
89326EE008959,91.8,5.51,6.43
89326EE009046,99.0,5.94,6.93
89326EE008887,272.44,16.34,19.08
89326EE009059,85.14,5.11,5.96
89326EE009052,84.15,5.05,5.89
89326EE009025,518.0,31.08,36.26
89326EE009070,88.4,5.3,6.19
89326EE009050,99.0,5.94,6.93
89326EE009063,88.4,5.3,6.19
89326EE009038,108.0,6.48,7.56
89326EE009054,84.15,0.0,0.0
89326EE009051,99.0,5.94,6.93
89326EE008712,69.99,0.0,0.0
89326EE009048,99.0,5.94,6.93
89326EE009040,98.0,5.88,6.86
89326EE009061,104.0,6.24,7.28
89326EE007901,109.0,6.54,7.63
89326EE009062,88.4,5.3,6.19
89326EE008985,85.85,5.15,6.01
89326EE009037,96.04,5.76,6.72
89326EE009058,99.0,0.0,0.0
89326EE008945,220.0,13.2,15.4
89326EE009034,129.0,7.74,9.03
89326EE009053,97.02,5.82,6.79
89326EE009047,83.16,4.99,5.82
89326EE008133,83.59,0.0,0.0
89326EE007484,-285.0,-17.1,-19.95
89326EE009026,62.78,3.77,4.4
89326EE009041,29.95,1.8,2.1
89326EE008698,100.1,0.0,0.0
89326EE009130,68.53,0.0,0.0
89326EE008359,81.27,0.0,0.0
89326EE009091,61.67,0.0,0.0
89326EE009134,80.1,4.81,5.61
89326EE009126,68.53,0.0,0.0
89326EE009111,89.0,5.34,6.23
89326EE009129,89.0,5.34,6.23
89326EE009128,62.3,3.74,4.36
89326EE009146,94.0,5.64,6.58
89326EE009097,80.1,4.81,5.61
89326EE009072,96.0,5.76,6.72
89326EE009125,75.65,4.54,5.3
89326EE009124,62.3,3.74,4.36
89326EE009143,94.0,5.64,6.58
89326EE007666,106.0,6.36,7.42
89326EE009123,89.0,5.34,6.23
89326EE009100,89.0,5.34,6.23
89326EE009138,62.3,3.74,4.36
89326EE009098,75.65,4.54,5.3
89326EE009133,94.0,5.64,6.58
89326EE009116,169.0,10.14,11.83
89326EE009045,293.0,17.58,20.51
89326EE009099,89.0,5.34,6.23
89326EE009096,87.22,5.23,6.11
89326EE009085,80.1,4.81,5.61
89326EE009117,89.0,5.34,6.23
89326EE009136,89.0,5.34,6.23
89326EE009137,80.1,4.81,5.61
89326EE009084,68.53,0.0,0.0
89326EE009140,107.1,6.43,7.5
89326EE009141,80.1,4.81,5.61
89326EE009158,80.0,4.8,5.6
89326EE009150,0.0,0.0,0.0
89326EE008546,82.45,4.95,5.77
89326EE009090,80.0,4.8,5.6
89326EE009171,80.0,4.8,5.6
89326EE009174,72.0,0.0,0.0
89326EE008910,443.7,26.63,31.06
89326EE008192,90.1,5.41,6.31
89326EE009184,59.5,0.0,0.0
89326EE008915,186.0,11.16,13.02
89326EE009081,88.0,5.28,6.16
89326EE009190,83.3,5.0,5.83
89326EE009170,72.0,4.32,5.04
89326EE009153,85.0,5.1,5.95
89326EE009149,85.0,5.1,5.95
89326EE009186,85.0,5.1,5.95
89326EE009161,68.0,0.0,0.0
89326EE007662,106.0,6.36,7.42
89326EE009181,85.0,5.1,5.95
89326EE009187,85.0,5.1,5.95
89326EE009185,85.0,5.1,5.95
89326EE009155,68.0,4.08,4.76
89326EE009173,78.4,4.7,5.49
89326EE009151,32.83,1.97,2.3
89326EE009175,72.0,0.0,0.0
89326EE009188,68.8,0.0,0.0
89326EE009039,88.0,0.0,0.0
89326EE009176,61.6,0.0,0.0
89326EE009166,56.0,0.0,0.0
89326EE009157,94.6,0.0,0.0
89326EE009189,83.3,5.0,5.83
89326EE009202,0.0,0.0,0.0
89326EE009217,104.0,6.24,7.28
89326EE009219,109.0,6.54,7.63
89326EE009234,126.0,7.56,8.82
89326EE009087,97.02,5.82,6.79
89326EE009065,190.4,11.42,13.32
89326EE009167,208.0,12.48,14.56
89326EE009221,59.0,3.54,4.13
89326EE009064,190.4,11.42,13.32
89326EE009086,160.0,9.6,11.2
89326EE009214,88.4,5.3,6.19
89326EE009092,84.15,5.05,5.89
89326EE009208,93.6,5.62,6.55
89326EE009225,320.4,19.23,22.42
89326EE009197,57.05,3.43,3.99
89326EE009193,101.92,6.12,7.13
89326EE009229,109.0,6.54,7.63
89326EE009224,119.0,7.14,8.33
89326EE009180,88.4,5.3,6.19
89326EE009164,80.0,4.8,5.6
89326EE009159,101.92,6.12,7.13
89326EE009213,208.0,12.48,14.56
89326EE009228,124.0,7.44,8.68
89326EE009227,105.4,6.32,7.38
89326EE009066,190.4,11.42,13.32
89326EE009222,116.62,7.0,8.16
89326EE009211,81.12,0.0,0.0
89326EE009233,81.12,0.0,0.0
89326EE009073,110.0,0.0,0.0
89326EE009223,111.6,6.7,7.81
89326EE009023,660.48,0.0,0.0
89326EE009088,80.0,4.8,5.6
89326EE009232,74.25,0.0,0.0
89326EE009165,109.0,6.54,7.63
89326EE009244,92.82,0.0,0.0
89326EE009248,68.29,0.0,0.0
89326EE008590,107.0,6.42,7.49
89326EE009247,92.66,5.56,6.49
89326EE009250,115.64,6.94,8.09
89326EE009029,104.86,6.29,7.34
89326EE009266,113.0,6.78,7.91
89326EE008688,104.86,6.29,7.34
89326EE009257,113.0,6.78,7.91
89326EE008689,104.86,6.29,7.34
89326EE008686,104.86,6.29,7.34
89326EE009255,317.52,19.05,22.23
89326EE009263,96.05,5.76,6.72
89326EE009262,97.2,5.83,6.8
89326EE009206,80.75,4.85,5.65
89326EE009251,59.0,3.54,4.13
89326EE008687,104.86,6.29,7.34
89326EE009256,79.92,0.0,0.0
89326EE009265,108.0,6.48,7.56
89326EE009296,86.58,0.0,0.0
89326EE009056,290.7,0.0,0.0
89326EE009205,166.92,0.0,0.0
89326EE009308,83.25,0.0,0.0
89326EE009300,86.58,0.0,0.0
89326EE009282,91.8,5.51,6.43
89326EE009291,106.72,6.4,7.47
89326EE009297,453.0,27.18,31.71
89326EE009298,453.0,27.18,31.71
89326EE009289,94.35,5.66,6.6
89326EE009280,108.0,6.48,7.56
89326EE009148,101.92,6.12,7.13
89326EE009279,222.0,13.32,15.54
89326EE009313,177.0,10.62,12.39
89326EE008141,116.0,6.96,8.12
89326EE009310,111.0,6.66,7.77
89326EE009277,222.0,13.32,15.54
89326EE009294,94.35,5.66,6.6
89326EE009318,116.0,6.96,8.12
89326EE009311,177.0,10.62,12.39
89326EE009278,222.0,13.32,15.54
89326EE009245,23.8,1.43,1.67
89326EE009312,177.0,10.62,12.39
89326EE009290,172.35,10.34,12.06
89326EE009299,94.35,5.66,6.6
89326EE009292,111.0,6.66,7.77
89326EE009307,116.0,6.96,8.12
89326EE009267,302.4,18.15,21.18
89326EE009281,23.8,1.43,1.67
89326EE009295,86.58,0.0,0.0
89326EE008984,483.0,0.0,0.0
89326EE009354,79.1,4.75,5.54
89326EE009345,59.0,3.54,4.13
89326EE009351,96.0,5.76,6.72
89326EE009340,92.66,5.56,6.49
89326EE009203,84.0,5.04,5.88
89326EE009360,96.05,5.76,6.72
89326EE008744,100.8,6.05,7.06
89326EE009114,108.0,6.48,7.56
89326EE009347,111.0,6.66,7.77
89326EE009341,92.66,5.56,6.49
89326EE009336,113.0,6.78,7.91
89326EE009335,313.6,18.82,21.95
89326EE009367,118.0,7.08,8.26
89326EE009362,103.84,6.23,7.27
89326EE009240,93.5,5.61,6.55
89326EE009349,91.0,5.46,6.37
89326EE008453,100.3,6.02,7.02
89326EE009342,198.0,11.88,13.86
89326EE009333,113.0,6.78,7.91
89326EE009321,88.14,0.0,0.0
89326EE009353,59.0,3.54,4.13
89326EE009348,99.9,5.99,6.99
89326EE005750,-23.29,10.75,12.54
89326EE009115,108.0,6.48,7.56
89326EE009337,118.0,7.08,8.26
89326EE009332,221.48,13.28,15.5
89326EE009246,77.0,4.62,5.39
89326EE009363,90.4,5.42,6.33
89326EE009405,111.0,6.66,7.77
89326EE009230,167.73,0.0,0.0
89326EE009412,77.7,0.0,0.0
89326EE009411,99.9,0.0,0.0
89326EE009388,114.0,6.84,7.98
89326EE008886,109.8,6.59,7.69
89326EE009418,99.9,5.99,6.99
89326EE009371,115.0,6.9,8.05
89326EE009406,95.46,0.0,0.0
89326EE009373,120.0,7.2,8.4
89326EE009409,111.0,6.66,7.77
89326EE008983,195.11,11.71,13.66
89326EE008785,317.7,19.06,22.25
89326EE009394,98.1,5.89,6.87
89326EE009420,104.4,6.26,7.31
89326EE009410,99.9,5.99,6.99
89326EE009377,177.0,10.62,12.39
89326EE009419,116.0,6.96,8.12
89326EE009376,89.7,0.0,0.0
89326EE009370,112.7,6.76,7.89
89326EE009328,206.1,12.36,14.43
89326EE009415,116.0,6.96,8.12
89326EE009378,59.0,3.54,4.13
89326EE009404,77.7,4.66,5.44
89326EE009382,92.65,5.56,6.49
89326EE009386,114.0,6.84,7.98
89326EE009380,100.28,6.02,7.02
89326EE008644,117.0,7.02,8.19
89326EE009416,104.4,6.26,7.31
89326EE009350,112.5,6.75,7.88
89326EE009393,109.0,6.54,7.63
89326EE009314,111.6,6.7,7.81
89326EE009436,93.6,5.62,6.55
89326EE009434,180.3,10.82,12.63
89326EE009374,110.74,6.64,7.75
89326EE009432,88.4,5.3,6.19
89326EE009445,101.7,6.1,7.12
89326EE009429,81.12,0.0,0.0
89326EE009440,88.4,5.3,6.19
89326EE005588,24.19,1.45,1.69
89326EE009385,24.19,1.45,1.69
89326EE009423,158.9,9.53,11.12
89326EE009446,91.8,5.51,6.43
89326EE009368,98.0,5.88,6.86
89326EE009430,101.92,6.12,7.13
89326EE009437,93.6,5.62,6.55
89326EE008663,72.0,4.32,5.04
89326EE009452,97.2,5.83,6.8
89326EE009443,88.4,5.3,6.19
89326EE009427,88.4,5.3,6.19
89326EE009428,88.4,5.3,6.19
89326EE009442,92.65,5.56,6.49
89326EE009422,97.75,5.87,6.84
89326EE009448,91.8,5.51,6.43
89326EE009447,105.84,6.35,7.41
89326EE009450,124.2,7.45,8.69
89326EE009475,99.0,5.94,6.93
89326EE009467,189.0,11.34,13.23
89326EE009464,92.12,5.53,6.45
89326EE009481,84.15,5.05,5.89
89326EE009466,189.0,11.34,13.23
89326EE008894,105.84,6.35,7.41
89326EE009485,94.0,5.64,6.58
89326EE009482,84.15,5.05,5.89
89326EE009242,361.33,0.0,0.0
89326EE009461,420.0,25.2,29.4
89326EE009459,73.32,0.0,0.0
89326EE009139,90.1,5.41,6.31
89326EE009462,73.32,0.0,0.0
89326EE008426,79.32,0.0,0.0
89326EE009454,84.6,5.08,5.92
89326EE009473,111.6,6.7,7.81
89326EE009195,212.0,12.72,14.84
89326EE009479,81.12,0.0,0.0
89326EE009455,108.0,5.94,6.93
89326EE009356,1030.4,61.84,72.16
89326EE009465,59.0,3.54,4.13
89326EE009194,212.0,12.72,14.84
89326EE009486,66.5,3.99,4.66
89326EE009538,118.0,7.08,8.26
89326EE009503,85.0,5.1,5.95
89326EE009507,59.0,3.54,4.13
89326EE009512,306.74,18.41,21.47
89326EE009511,59.0,3.54,4.13
89326EE009513,97.02,5.82,6.79
89326EE009457,95.0,5.7,6.65
89326EE009539,118.0,7.08,8.26
89326EE009330,101.92,6.12,7.13
89326EE009483,2855.2,171.31,199.87
89326EE009504,80.75,4.85,5.65
89326EE009358,97.2,5.83,6.8
89326EE009502,95.0,5.7,6.65
89326EE009284,107.0,6.42,7.49
89326EE009508,59.0,3.54,4.13
89326EE009509,59.0,3.54,4.13
89326EE007929,107.1,6.43,7.5
89326EE009533,81.12,0.0,0.0
89326EE009521,104.0,6.24,7.28
89326EE009536,106.2,6.37,7.43
89326EE008467,156.0,9.36,10.92
89326EE009498,1184.0,71.04,82.88
89326EE009516,88.4,5.3,6.19
89326EE009283,107.0,6.42,7.49
89326EE008595,122.5,7.35,8.58
89326EE009522,89.1,5.35,6.24
89326EE009505,59.0,3.54,4.13
89326EE008752,103.7,6.22,7.26
89326EE008863,128.35,7.7,8.98
89326EE009560,0.0,0.0,0.0
89326EE009599,103.0,6.18,7.21
89326EE009573,88.2,5.29,6.17
89326EE009559,98.0,5.88,6.86
89326EE009590,96.04,5.76,6.72
89326EE009583,98.0,5.88,6.86
89326EE009564,103.0,6.18,7.21
89326EE009588,103.0,6.18,7.21
89326EE009596,98.0,5.88,6.86
89326EE009556,83.3,5.0,5.83
89326EE009577,87.55,5.25,6.13
89326EE009472,92.4,5.54,6.47
89326EE009586,103.0,6.18,7.21
89326EE009551,68.6,4.12,4.8
89326EE009587,128.0,7.68,8.96
89326EE009600,68.6,4.12,4.8
89326EE009585,96.04,5.76,6.72
89326EE009580,83.3,5.0,5.83
89326EE009369,96.9,5.81,6.78
89326EE009480,104.0,6.24,7.28
89326EE009471,92.4,5.54,6.47
89326EE009570,98.0,5.88,6.86
89326EE009561,185.4,11.12,12.98
89326EE009576,59.0,3.54,4.13
89326EE009582,80.34,0.0,0.0
89326EE009579,23.4,1.4,1.64
89326EE009575,68.6,0.0,0.0
89326EE009591,76.44,0.0,0.0
89326EE009555,96.04,5.76,6.72
89326EE009593,76.44,0.0,0.0
89326EE009625,105.0,6.3,7.35
89326EE009594,103.0,6.18,7.21
89326EE009572,448.0,26.88,31.36
89326EE009618,108.0,6.48,7.56
89326EE009610,66.5,3.99,4.66
89326EE009621,93.1,5.59,6.52
89326EE009624,197.0,11.82,13.79
89326EE009640,89.25,5.36,6.25
89326EE009607,96.05,5.76,6.72
89326EE009647,88.58,5.31,6.2
89326EE009534,94.0,5.64,6.58
89326EE009571,80.84,4.85,5.66
89326EE008404,116.62,7.0,8.16
89326EE009634,59.0,3.54,4.13
89326EE009535,94.0,5.64,6.58
89326EE005499,126.65,7.6,8.87
89326EE009614,332.0,19.92,23.24
89326EE009241,720.0,43.2,50.4
89326EE009649,103.0,6.18,7.21
89326EE009619,92.88,0.0,0.0
89326EE009719,89.0,5.34,6.23
89326EE009651,80.96,4.86,5.67
89326EE009692,59.0,3.54,4.13
89326EE008586,118.15,7.09,8.27
89326EE009678,95.0,5.7,6.65
89326EE009711,89.0,5.34,6.23
89326EE009693,59.0,3.54,4.13
89326EE009704,89.0,5.34,6.23
89326EE009530,98.0,5.88,6.86
89326EE009094,118.0,7.08,8.26
89326EE009728,94.0,5.64,6.58
89326EE009488,96.3,5.78,6.74
89326EE009682,112.5,6.75,7.88
89326EE009701,94.0,5.64,6.58
89326EE009717,189.09,11.35,13.24
89326EE009674,95.06,5.7,6.65
89326EE009238,294.0,17.64,20.58
89326EE009714,82.91,4.97,5.8
89326EE009338,59.0,3.54,4.13
89326EE009668,87.3,5.24,6.11
89326EE009706,94.0,5.64,6.58
89326EE009650,80.96,4.86,5.67
89326EE009687,89.0,5.34,6.23
89326EE009691,89.0,5.34,6.23
89326EE009724,62.47,0.0,0.0
89326EE009699,101.15,0.0,0.0
89326EE009075,82.84,0.0,0.0
89326EE009322,1518.0,0.0,0.0
89326EE009726,94.0,5.64,6.58
89326EE009720,78.5,4.71,5.5
89326EE009690,89.0,5.34,6.23
89326EE009604,96.0,5.76,6.72
89326EE009339,59.0,3.54,4.13
89326EE009620,90.16,5.41,6.31
89326EE009708,89.0,5.34,6.23
89326EE009684,78.5,4.71,5.5
89326EE009474,175.5,0.0,0.0
89326EE009725,62.47,0.0,0.0
89326EE009696,89.0,5.34,6.23
89326EE009700,80.1,4.81,5.61
89326EE009685,301.65,0.0,0.0
89326EE009751,0.0,0.0,0.0
89326EE009757,81.6,4.9,5.71
89326EE009639,113.9,6.83,7.97
89326EE007657,124.0,7.44,8.68
89326EE009758,124.36,7.46,8.71
89326EE009675,139.0,8.34,9.73
89326EE009750,0.0,0.0,0.0
89326EE009431,117.3,7.04,8.21
89326EE009515,219.6,13.17,15.37
89326EE009745,753.6,45.22,52.75
89326EE009528,219.6,13.17,15.37
89326EE009772,268.0,16.08,18.76
89326EE009697,95.9,5.75,6.71
89326EE009770,141.0,8.46,9.87
89326EE009702,116.45,6.99,8.15
89326EE009749,0.0,0.0,0.0
89326EE009759,128.77,7.73,9.01
89326EE009715,115.0,6.9,8.05
89326EE009615,255.78,15.34,17.91
89326EE007673,126.0,7.56,8.82
89326EE009781,141.0,8.46,9.87
89326EE009773,141.0,8.46,9.87
89326EE009381,80.74,0.0,0.0
89326EE009661,122.5,7.35,8.58
89326EE009748,0.0,0.0,0.0
89326EE009703,130.0,7.8,9.1
89326EE009207,131.4,7.88,9.2
89326EE009767,166.0,9.96,11.62
89326EE009766,141.0,8.46,9.87
89326EE009727,124.2,7.45,8.69
89326EE009681,139.0,8.34,9.73
89326EE007820,115.0,6.9,8.05
89326EE009520,123.0,7.38,8.61
89326EE009763,126.9,7.61,8.88
89326EE008871,244.8,14.69,17.13
89326EE009765,122.4,7.34,8.57
89326EE009680,118.15,7.09,8.27
89326EE009732,121.72,7.3,8.52
89326EE009617,98.0,5.88,6.86
89326EE009771,223.24,13.4,15.63
89326EE009261,87.5,5.25,6.13
89326EE009754,139.0,8.34,9.73
89326EE009741,118.19,7.09,8.27
89326EE009747,120.6,7.24,8.44
89326EE008971,446.4,26.79,31.25
89326EE009544,114.75,6.89,8.03
89326EE009768,141.0,8.46,9.87
89326EE009761,95.47,0.0,0.0
89326EE009527,110.7,0.0,0.0
89326EE009769,98.0,0.0,0.0
89326EE009760,95.47,0.0,0.0
89326EE009656,101.4,0.0,0.0
89326EE008870,190.95,0.0,0.0
89326EE009317,111.6,6.7,7.81
89326EE009744,97.57,0.0,0.0
89326EE009264,103.9,0.0,0.0
89326EE009783,98.98,0.0,0.0
89326EE009476,211.56,0.0,0.0
89326EE008218,95.47,0.0,0.0
89326EE008888,190.95,0.0,0.0
89326EE009698,96.17,0.0,0.0
89326EE009738,109.0,6.54,7.63
89326EE009774,94.43,0.0,0.0
89326EE009789,84.7,5.08,5.93
89326EE009824,110.7,6.64,7.75
89326EE009823,110.7,6.64,7.75
89326EE009779,103.7,6.22,7.26
89326EE009655,103.7,6.22,7.26
89326EE009658,119.56,7.17,8.37
89326EE009654,103.7,6.22,7.26
89326EE008826,108.8,6.53,7.62
89326EE009756,109.8,6.59,7.69
89326EE009755,190.76,11.45,13.35
89326EE009795,100.8,6.05,7.06
89326EE009753,861.52,51.7,60.31
89326EE009613,59.0,3.54,4.13
89326EE009734,59.0,3.54,4.13
89326EE009821,86.1,5.17,6.03
89326EE009626,107.1,6.43,7.5
89326EE009790,108.9,6.53,7.62
89326EE009752,760.09,45.61,53.21
89326EE009608,109.8,6.59,7.69
89326EE009804,103.5,6.21,7.25
89326EE009778,103.7,6.22,7.26
89326EE009775,95.16,0.0,0.0
89326EE009799,181.66,0.0,0.0
89326EE009820,98.0,0.0,0.0
89326EE009637,83.3,0.0,0.0
89326EE009517,108.9,6.53,7.62
89326EE009777,95.16,0.0,0.0
89326EE009800,78.62,0.0,0.0
89326EE009739,105.84,6.35,7.41
89326EE009794,78.62,0.0,0.0
89326EE009853,441.0,26.46,30.87
89326EE009854,92.7,5.56,6.49
89326EE009857,110.0,6.6,7.7
89326EE009813,1420.8,85.23,99.42
89326EE009550,88.2,5.29,6.17
89326EE009811,78.17,0.0,0.0
89326EE009878,106.0,6.36,7.42
89326EE009855,92.7,5.56,6.49
89326EE009810,90.9,5.45,6.36
89326EE009876,90.1,5.41,6.31
89326EE009873,90.1,5.41,6.31
89326EE007537,227.7,13.66,15.94
89326EE009808,70.9,0.0,0.0
89326EE009881,106.0,6.36,7.42
89326EE009867,93.5,5.61,6.55
89326EE009786,99.0,5.94,6.93
89326EE009866,110.0,6.6,7.7
89326EE009844,249.31,14.96,17.45
89326EE009862,92.61,5.56,6.48
89326EE009812,78.17,0.0,0.0
89326EE009843,99.9,5.99,6.99
89326EE009848,266.05,15.97,18.63
89326EE009863,94.5,5.67,6.62
89326EE009860,94.5,5.67,6.62
89326EE009787,119.0,7.14,8.33
89326EE009623,98.0,5.88,6.86
89326EE009849,64.8,3.89,4.54
89326EE009826,101.43,6.09,7.1
89326EE009807,70.9,0.0,0.0
89326EE009662,59.0,3.54,4.13
89326EE009925,204.05,0.0,0.0
89326EE009885,92.4,5.54,6.47
89326EE009243,177.0,10.62,12.39
89326EE009924,120.0,7.2,8.4
89326EE009929,294.0,17.64,20.58
89326EE009666,59.0,3.54,4.13
89326EE009904,94.5,5.67,6.62
89326EE009883,369.0,22.14,25.83
89326EE009903,255.73,15.35,17.9
89326EE009886,73.5,0.0,0.0
89326EE009927,59.0,3.54,4.13
89326EE009884,92.4,5.54,6.47
89326EE009665,59.0,3.54,4.13
89326EE009922,102.0,6.12,7.14
89326EE009899,321.44,19.28,22.5
89326EE009923,102.0,6.12,7.14
89326EE009898,171.6,10.3,12.01
89326EE009663,59.0,3.54,4.13
89326EE009901,321.44,19.28,22.5
89326EE009900,321.44,19.28,22.5
89326EE009911,590.0,35.4,41.3
89326EE009710,580.0,34.79,40.59
89326EE009839,93.6,5.62,6.55
89326EE009910,603.0,36.18,42.21
89326EE009915,92.0,5.52,6.44
89326EE009664,59.0,3.54,4.13
89326EE009809,91.73,5.5,6.42
89326EE009859,70.94,0.0,0.0
89326EE010015,0.0,0.0,0.0
89326EE009994,88.2,5.29,6.17
89326EE009990,108.0,6.48,7.56
89326EE009642,343.0,20.58,24.01
89326EE010000,103.0,6.18,7.21
89326EE009978,236.0,14.16,16.52
89326EE010005,72.3,0.0,0.0
89326EE009981,173.4,10.4,12.14
89326EE010007,108.0,6.48,7.56
89326EE009976,236.0,14.16,16.52
89326EE009845,2346.0,140.76,164.22
89326EE008912,100.3,6.02,7.02
89326EE009983,91.8,5.51,6.43
89326EE009548,78.4,4.7,5.49
89326EE009989,91.0,5.46,6.37
89326EE009942,92.7,5.56,6.49
89326EE010022,90.9,5.45,6.36
89326EE009396,85.05,5.1,5.95
89326EE009796,93.49,5.61,6.54
89326EE010011,108.0,6.48,7.56
89326EE009996,79.72,0.0,0.0
89326EE009993,59.0,3.54,4.13
89326EE009547,217.56,13.06,15.23
89326EE009316,272.16,16.32,19.05
89326EE009999,98.0,5.88,6.86
89326EE009889,89.08,5.34,6.24
89326EE009736,3021.6,183.59,214.19
89326EE009893,59.0,3.54,4.13
89326EE009975,236.0,14.16,16.52
89326EE010003,108.0,6.48,7.56
89326EE009977,236.0,14.16,16.52
89326EE010004,108.0,6.48,7.56
89326EE009220,335.3,20.11,23.48
89326EE009797,37.75,2.27,2.64
89326EE009890,90.9,5.45,6.36
89326EE002992,-73.59,-4.42,-5.15
89326EE009988,738.5,44.33,51.72
89326EE009982,91.8,5.51,6.43
89326EE010013,101.0,6.06,7.07
89326EE010012,85.85,5.15,6.01
89326EE009995,91.8,5.51,6.43
89326EE009877,89.08,5.34,6.24
89326EE009992,196.35,11.79,13.75
89326EE010027,0.0,0.0,0.0
89326EE010002,96.9,5.81,6.78
89326EE010106,108.48,6.51,7.59
89326EE010102,123.0,7.38,8.61
89326EE010105,108.49,6.51,7.59
89326EE009956,91.73,5.5,6.42
89326EE010086,101.43,6.09,7.1
89326EE009974,90.85,5.45,6.36
89326EE010092,115.0,6.9,8.05
89326EE010093,101.43,6.09,7.1
89326EE010059,109.37,6.56,7.66
89326EE009913,87.55,5.25,6.13
89326EE010020,97.2,5.83,6.8
89326EE010055,87.0,5.22,6.09
89326EE010056,59.0,3.54,4.13
89326EE010082,101.43,6.09,7.1
89326EE009920,139.66,0.0,0.0
89326EE010088,59.0,3.54,4.13
89326EE010097,86.1,0.0,0.0
89326EE010079,97.02,5.82,6.79
89326EE010039,93.5,5.61,6.55
89326EE010044,97.02,5.82,6.79
89326EE010084,97.02,5.82,6.79
89326EE010083,110.0,6.6,7.7
89326EE010094,97.75,5.87,6.84
89326EE010095,103.5,6.21,7.25
89326EE010087,115.0,6.9,8.05
89326EE010033,77.0,0.0,0.0
89326EE010077,157.17,0.0,0.0
89326EE010031,83.59,0.0,0.0
89326EE010074,85.8,0.0,0.0
89326EE010089,77.0,0.0,0.0
89326EE010069,109.65,6.58,7.68
89326EE010101,38.58,2.31,2.7
89326EE010078,59.0,3.54,4.13
89326EE010075,85.14,0.0,0.0
89326EE010090,80.72,0.0,0.0
89326EE010096,69.0,4.14,4.83
89326EE010060,87.05,0.0,0.0
89326EE010067,95.98,0.0,0.0
89326EE009856,81.12,0.0,0.0
89326EE010085,97.02,5.82,6.79
89326EE010080,97.02,5.82,6.79
89326EE010034,93.5,5.61,6.55
89326EE009489,192.1,11.52,13.44
89326EE010076,110.0,6.6,7.7
89326EE010071,90.55,0.0,0.0
89326EE010070,87.05,0.0,0.0
89326EE010143,59.0,3.54,4.13
89326EE010139,380.0,22.8,26.6
89326EE009870,421.6,25.3,29.52
89326EE010141,59.0,3.54,4.13
89326EE010132,208.0,12.48,14.56
89326EE009545,106.82,6.41,7.48
89326EE010142,499.7,17.1,19.95
89326EE010185,91.0,5.46,6.37
89326EE010108,92.61,5.56,6.48
89326EE010073,94.5,5.67,6.62
89326EE010040,88.4,5.3,6.19
89326EE009252,78.4,4.7,5.49
89326EE010172,101.15,6.07,7.08
89326EE010136,100.3,6.02,7.02
89326EE009958,101.0,6.06,7.07
89326EE010137,380.0,22.8,26.6
89326EE010147,79.32,0.0,0.0
89326EE010162,101.15,6.07,7.08
89326EE010161,107.1,6.43,7.5
89326EE010168,119.0,7.14,8.33
89326EE010123,109.0,6.54,7.63
89326EE010091,73.5,4.41,5.15
89326EE010174,100.55,6.03,7.04
89326EE010189,119.0,7.14,8.33
89326EE010024,92.7,5.56,6.49
89326EE010170,38.23,2.29,2.68
89326EE010150,113.0,6.78,7.91
89326EE010153,114.0,6.84,7.98
89326EE010112,101.43,6.09,7.1
89326EE010159,102.6,6.16,7.18
89326EE010152,102.6,6.16,7.18
89326EE009387,38.23,2.29,2.68
89326EE010125,103.5,6.21,7.25
89326EE010190,130.0,7.8,9.1
89326EE010155,87.46,0.0,0.0
89326EE010135,79.32,0.0,0.0
89326EE010149,304.51,0.0,0.0
89326EE010175,83.53,0.0,0.0
89326EE009984,78.0,0.0,0.0
89326EE010138,0.0,0.0,0.0
89326EE010146,79.32,0.0,0.0
89326EE010158,80.03,0.0,0.0
89326EE010195,112.5,0.0,0.0
89326EE010111,86.25,0.0,0.0
89326EE010180,119.0,7.14,8.33
89326EE010181,118.15,7.09,8.27
89326EE007458,352.0,21.12,24.64
89326EE005907,72.0,4.32,5.04
89326EE010218,72.0,4.32,5.04
89326EE008215,72.0,4.32,5.04
89326EE008300,72.0,4.32,5.04
89326EE008129,72.0,4.32,5.04
89326EE007035,72.0,4.32,5.04
89326EE005132,72.0,4.32,5.04
89326EE010208,72.0,4.32,5.04
89326EE010220,115.6,6.94,8.09
89326EE010221,119.95,7.2,8.4
89326EE009543,3038.0,182.28,212.66
89326EE010057,126.0,7.56,8.82
89326EE009953,107.1,6.43,7.5
89326EE010222,115.6,6.94,8.09
89326EE005908,72.0,4.32,5.04
89326EE009919,93.5,5.61,6.55
89326EE005311,72.0,4.32,5.04
89326EE009829,99.0,5.94,6.93
89326EE004099,72.0,4.32,5.04
89326EE010209,117.31,7.04,8.21
89326EE010173,139.0,8.34,9.73
89326EE005567,72.0,4.32,5.04
89326EE005130,72.0,4.32,5.04
89326EE009887,86.24,5.17,6.04
89326EE007238,72.0,4.32,5.04
89326EE005818,72.0,4.32,5.04
89326EE009721,72.0,4.32,5.04
89326EE006737,72.0,4.32,5.04
89326EE005851,72.0,4.32,5.04
89326EE009894,93.5,5.61,6.55
89326EE009931,107.1,6.43,7.5
89326EE010192,108.42,0.0,0.0
89326EE009286,3038.0,182.28,212.66
89326EE009979,197.2,11.83,13.8
89326EE006252,107.5,0.0,0.0
89326EE010109,191.26,0.0,0.0
89326EE010177,72.0,4.32,5.04
89326EE008551,39.45,2.37,2.76
89326EE010154,118.15,7.09,8.27
89326EE006061,72.0,4.32,5.04
89326EE009326,3038.0,182.28,212.66
89326EE009841,110.0,6.6,7.7
89326EE005855,72.0,4.32,5.04
89326EE005772,72.0,4.32,5.04
89326EE008319,0.0,0.0,0.0
89326EE010264,90.95,5.46,6.37
89326EE010269,112.0,6.72,7.84
89326EE009484,118.58,7.11,8.3
89326EE010270,112.0,6.72,7.84
89326EE010239,108.9,6.53,7.62
89326EE010277,96.3,5.78,6.74
89326EE010281,90.95,5.46,6.37
89326EE010122,277.6,16.66,19.43
89326EE010246,101.15,6.07,7.08
89326EE010235,116.1,6.97,8.13
89326EE010243,121.0,7.26,8.47
89326EE010001,103.19,6.19,7.22
89326EE010280,100.8,6.05,7.06
89326EE009934,99.67,5.98,6.98
89326EE010242,121.0,7.26,8.47
89326EE010250,104.96,6.3,7.35
89326EE009987,116.42,6.99,8.15
89326EE010184,110.5,6.63,7.74
89326EE010263,90.95,5.46,6.37
89326EE010258,107.1,6.43,7.5
89326EE010252,104.96,6.3,7.35
89326EE010262,90.95,5.46,6.37
89326EE010238,90.55,0.0,0.0
89326EE010127,98.28,0.0,0.0
89326EE010249,83.53,0.0,0.0
89326EE010278,96.3,5.78,6.74
89326EE010231,116.1,6.97,8.13
89326EE010272,112.0,6.72,7.84
89326EE010275,95.2,5.71,6.66
89326EE010257,92.11,0.0,0.0
89326EE009943,99.67,5.98,6.98
89326EE010267,112.0,6.72,7.84
89326EE010117,109.37,6.56,7.66
89326EE008832,461.58,27.7,32.3
89326EE010282,87.55,5.25,6.13
89326EE010247,105.4,6.32,7.38
89326EE010241,186.15,11.17,13.03
89326EE010284,98.78,5.93,6.91
89326EE010279,78.62,0.0,0.0
89326EE010244,108.9,6.53,7.62
89326EE010049,88.84,0.0,0.0
89326EE010302,86.44,5.19,6.05
89326EE010301,86.44,5.19,6.05
89326EE010341,105.0,6.3,7.35
89326EE010349,105.0,6.3,7.35
89326EE009552,623.0,37.38,43.61
89326EE010321,72.3,0.0,0.0
89326EE010309,73.5,0.0,0.0
89326EE010340,70.2,0.0,0.0
89326EE010327,84.28,0.0,0.0
89326EE010307,97.2,5.83,6.8
89326EE010314,186.15,11.17,13.03
89326EE010072,92.61,5.56,6.48
89326EE010318,86.44,5.19,6.05
89326EE010285,86.44,5.19,6.05
89326EE010319,540.0,32.4,37.8
89326EE010324,92.7,5.56,6.49
89326EE010333,89.25,5.36,6.25
89326EE010294,83.3,5.0,5.83
89326EE010326,86.44,5.19,6.05
89326EE010338,90.0,5.4,6.3
89326EE010336,88.2,5.29,6.17
89326EE010348,89.25,5.36,6.25
89326EE006007,109.0,6.54,7.63
89326EE010328,87.55,5.25,6.13
89326EE006397,106.82,6.41,7.48
89326EE010320,88.2,5.29,6.17
89326EE008960,164.28,9.86,11.5
89326EE010298,86.44,5.19,6.05
89326EE010334,105.0,6.3,7.35
89326EE010260,88.2,5.29,6.17
89326EE010266,275.2,16.51,19.27
89326EE010329,87.55,5.25,6.13
89326EE010325,60.35,3.62,4.23
89326EE010297,68.8,0.0,0.0
89326EE010335,88.2,5.29,6.17
89326EE010048,0.0,0.0,0.0
89326EE010047,0.0,0.0,0.0
89326EE010372,59.0,3.54,4.13
89326EE010179,98.0,5.88,6.86
89326EE010268,106.72,6.4,7.47
89326EE010382,118.0,7.08,8.26
89326EE010376,110.2,6.61,7.71
89326EE010337,567.0,34.03,39.69
89326EE010386,75.82,0.0,0.0
89326EE010371,59.0,3.54,4.13
89326EE010211,98.0,5.88,6.86
89326EE005546,149.0,8.94,10.43
89326EE010331,107.6,6.46,7.53
89326EE010375,104.4,6.26,7.31
89326EE010381,118.0,7.08,8.26
89326EE010370,59.0,3.54,4.13
89326EE010366,646.0,38.75,45.21
89326EE010368,646.0,38.75,45.21
89326EE010387,30.36,1.82,2.13
89326EE009968,101.7,6.1,7.12
89326EE010363,83.0,4.98,5.81
89326EE009529,68.62,0.0,0.0
89326EE009892,76.51,0.0,0.0
89326EE010369,646.0,38.75,45.21
89326EE009334,106.2,6.37,7.43
89326EE010353,104.08,6.24,7.29
89326EE009686,88.4,5.3,6.19
89326EE006974,77.7,4.66,5.44
89326EE009537,103.5,6.21,7.25
89326EE010367,646.0,38.75,45.21
89326EE010213,96.8,5.81,6.78
89326EE010428,74.0,4.44,5.18
89326EE010470,109.8,6.59,7.69
89326EE010114,176.17,0.0,0.0
89326EE010476,70.1,6.24,7.28
89326EE010472,109.0,6.54,7.63
89326EE010471,111.6,0.0,0.0
89326EE008676,115.64,6.94,8.09
89326EE010478,109.0,6.54,7.63
89326EE010431,102.31,6.14,7.16
89326EE010315,104.55,6.27,7.32
89326EE010360,115.2,6.91,8.06
89326EE009395,204.85,12.29,14.34
89326EE010379,92.65,5.56,6.49
89326EE010462,97.9,5.87,6.85
89326EE010460,181.39,0.0,0.0
89326EE008577,69.8,0.0,0.0
89326EE010330,204.09,12.25,14.29
89326EE008576,69.8,0.0,0.0
89326EE010453,97.9,5.87,6.85
89326EE009906,99.45,5.97,6.96
89326EE010452,106.0,6.36,7.42
89326EE010455,95.4,5.72,6.68
89326EE009891,102.31,6.14,7.16
89326EE010435,426.7,25.6,29.88
89326EE010477,93.6,5.62,6.55
89326EE010479,92.65,5.56,6.49
89326EE010481,109.0,6.54,7.63
89326EE010124,103.7,6.22,7.26
89326EE010441,98.1,5.89,6.87
89326EE010232,106.72,6.4,7.47
89326EE010454,97.9,5.87,6.85
89326EE010451,98.1,5.89,6.87
89326EE010457,94.35,5.66,6.6
89326EE010378,92.65,5.56,6.49
89326EE010434,77.92,0.0,0.0
89326EE010433,300.9,18.06,21.06
89326EE010480,187.2,11.24,13.1
89326EE010450,59.0,3.54,4.13
89326EE010468,80.5,0.0,0.0
89326EE010469,92.65,5.56,6.49
89326EE010227,98.1,5.89,6.87
89326EE010140,205.7,12.34,14.4
89326EE010467,79.8,4.79,5.59
89326EE010228,135.9,8.15,9.51
89326EE009397,103.7,6.22,7.26
89326EE009272,140.23,0.0,0.0
89326EE010464,82.04,0.0,0.0
89326EE010461,95.4,0.0,0.0
89326EE009018,106.2,6.37,7.43
89326EE009914,99.45,5.97,6.96
89326EE010449,76.51,0.0,0.0
89326EE010448,2149.8,128.97,150.49
89326EE010522,102.94,0.0,0.0
89326EE010520,238.01,0.0,0.0
89326EE010533,117.3,7.04,8.21
89326EE010536,93.1,0.0,0.0
89326EE010489,85.91,0.0,0.0
89326EE010529,117.3,7.04,8.21
89326EE010430,70.94,0.0,0.0
89326EE010555,123.0,7.38,8.61
89326EE010554,104.55,6.27,7.32
89326EE010505,104.4,6.26,7.31
89326EE010548,104.55,6.27,7.32
89326EE009921,104.08,6.24,7.29
89326EE010549,104.55,6.27,7.32
89326EE010308,420.0,25.2,29.4
89326EE010552,104.55,6.27,7.32
89326EE010506,111.0,6.66,7.77
89326EE010512,42.65,2.56,2.99
89326EE010518,264.6,15.87,18.52
89326EE009835,105.84,6.35,7.41
89326EE010541,117.3,7.04,8.21
89326EE010530,119.7,7.18,8.38
89326EE009589,114.3,6.86,8.0
89326EE010534,117.3,7.04,8.21
89326EE010537,117.3,7.04,8.21
89326EE010544,100.3,6.02,7.02
89326EE010543,117.3,7.04,8.21
89326EE007378,82.88,4.97,5.8
89326EE010546,100.3,6.02,7.02
89326EE010553,104.55,6.27,7.32
89326EE010510,101.0,6.06,7.07
89326EE010528,133.0,7.98,9.31
89326EE010527,119.7,7.18,8.38
89326EE010511,42.65,2.56,2.99
89326EE010485,232.0,13.92,16.24
89326EE010496,420.0,25.2,29.4
89326EE009667,121.72,7.3,8.52
89326EE010498,97.9,5.87,6.85
89326EE010551,104.55,6.27,7.32
89326EE010550,123.0,7.38,8.61
89326EE010475,89.25,5.36,6.25
89326EE010519,117.3,7.04,8.21
89326EE010442,96.3,5.78,6.74
89326EE010524,1560.0,93.6,109.2
89326EE009657,132.3,7.94,9.26
89326EE010490,97.9,5.87,6.85
89326EE009935,104.08,6.24,7.29
89326EE010484,1924.0,115.44,134.68
89326EE010492,117.66,7.06,8.24
89326EE010545,75.0,4.5,5.25
89326EE010540,78.17,0.0,0.0
89326EE010610,60.63,3.64,4.24
89326EE010564,106.86,0.0,0.0
89326EE010521,70.9,0.0,0.0
89326EE010608,107.64,0.0,0.0
89326EE010587,118.8,0.0,0.0
89326EE009558,122.12,0.0,0.0
89326EE010525,203.4,0.0,0.0
89326EE010606,96.88,0.0,0.0
89326EE009825,86.25,0.0,0.0
89326EE010624,-16.62,7.67,8.95
89326EE010598,119.7,7.18,8.38
89326EE010515,138.55,8.31,9.7
89326EE010350,117.9,7.07,8.25
89326EE010557,96.17,0.0,0.0
89326EE008449,228.42,13.71,15.98
89326EE008180,85.64,0.0,0.0
89326EE010581,92.66,0.0,0.0
89326EE008555,262.8,15.77,18.4
89326EE010594,92.66,0.0,0.0
89326EE009801,257.4,15.45,18.02
89326EE010563,1348.4,80.89,94.38
89326EE008803,51.35,3.08,3.59
89326EE010600,1875.0,112.5,131.25
89326EE010604,102.94,0.0,0.0
89326EE008738,193.75,0.0,0.0
89326EE010613,93.36,0.0,0.0
89326EE010582,118.8,0.0,0.0
89326EE010597,117.3,7.04,8.21
89326EE009762,78.75,0.0,0.0
89326EE010351,117.9,7.07,8.25
89326EE010601,110.4,6.62,7.73
89326EE010607,115.92,6.96,8.11
89326EE010474,107.6,6.46,7.53
89326EE010593,116.45,6.99,8.15
89326EE010614,113.05,6.78,7.91
89326EE008994,117.31,7.04,8.21
89326EE010234,115.54,6.93,8.09
89326EE009930,103.19,6.19,7.22
89326EE010488,436.05,26.16,30.53
89326EE010602,110.4,6.62,7.73
89326EE010322,411.2,24.67,28.79
89326EE010605,110.4,6.62,7.73
89326EE010569,72.0,4.32,5.04
89326EE010577,1875.0,112.5,131.25
89326EE010621,142.0,8.52,9.94
89326EE010580,112.2,6.73,7.85
89326EE010622,142.0,8.52,9.94
89326EE010466,107.6,6.46,7.53
89326EE010612,133.0,7.98,9.31
89326EE010576,96.88,0.0,0.0
89326EE010618,120.7,7.24,8.45
89326EE010603,110.4,6.62,7.73
89326EE010615,120.7,7.24,8.45
89326EE010565,-37.74,5.88,6.86
89326EE010619,477.7,28.67,33.44
89326EE008227,104.55,6.27,7.32
89326EE010666,131.4,7.88,9.2
89326EE010661,131.4,7.88,9.2
89326EE010697,156.0,9.36,10.92
89326EE009542,143.0,8.58,10.01
89326EE010663,124.1,7.45,8.69
89326EE008301,125.1,7.51,8.76
89326EE010668,131.4,7.88,9.2
89326EE010487,138.6,0.0,0.0
89326EE010676,139.5,8.37,9.77
89326EE010556,124.95,7.5,8.75
89326EE010659,126.9,7.61,8.88
89326EE010644,362.95,21.77,25.4
89326EE010531,112.5,6.75,7.88
89326EE010662,126.9,7.61,8.88
89326EE010384,134.06,8.04,9.38
89326EE010665,116.8,7.01,8.18
89326EE010628,487.2,29.23,34.11
89326EE009044,131.42,7.89,9.2
89326EE009660,201.6,0.0,0.0
89326EE010673,108.8,0.0,0.0
89326EE010660,98.98,0.0,0.0
89326EE010265,190.28,0.0,0.0
89326EE010701,120.74,0.0,0.0
89326EE010445,130.05,7.8,9.1
89326EE009803,269.06,16.15,18.83
89326EE010681,131.75,7.91,9.22
89326EE010440,134.95,8.1,9.45
89326EE010672,136.71,8.2,9.57
89326EE008197,139.0,8.34,9.73
89326EE010678,155.0,9.3,10.85
89326EE008399,146.02,8.76,10.22
89326EE007705,139.0,8.34,9.73
89326EE004876,152.1,9.13,10.65
89326EE010685,131.75,7.91,9.22
89326EE010561,141.3,8.48,9.89
89326EE010692,155.0,9.3,10.85
89326EE010680,148.5,0.0,0.0
89326EE010695,116.1,0.0,0.0
89326EE010671,105.3,0.0,0.0
89326EE010599,115.33,0.0,0.0
89326EE010693,102.77,0.0,0.0
89326EE010694,108.8,0.0,0.0
89326EE010656,126.9,7.61,8.88
89326EE006206,94.78,0.0,0.0
89326EE009952,105.26,0.0,0.0
89326EE010620,105.0,0.0,0.0
89326EE010664,146.0,8.76,10.22
89326EE010347,109.51,0.0,0.0
89326EE010669,144.9,8.69,10.14
89326EE010567,145.0,8.7,10.15
89326EE010652,126.94,0.0,0.0
89326EE010560,0.0,0.0,0.0
89326EE010737,114.5,6.87,8.02
89326EE008982,125.8,7.55,8.81
89326EE010705,127.8,7.67,8.95
89326EE010675,62.62,3.75,4.39
89326EE010752,146.0,8.76,10.22
89326EE007627,178.34,10.7,12.49
89326EE010626,224.1,13.44,15.68
89326EE010741,103.9,0.0,0.0
89326EE010674,65.51,3.93,4.59
89326EE010749,131.4,7.88,9.2
89326EE010625,224.1,13.44,15.68
89326EE010750,124.36,7.46,8.71
89326EE010677,127.8,7.67,8.95
89326EE010392,94.76,0.0,0.0
89326EE010751,102.49,0.0,0.0
89326EE010728,155.7,9.34,10.9
89326EE010710,126.65,7.6,8.87
89326EE010639,120.7,7.24,8.45
89326EE008074,110.04,6.6,7.7
89326EE009926,116.1,6.97,8.13
89326EE010356,117.31,7.04,8.21
89326EE010718,72.0,4.32,5.04
89326EE010203,132.0,7.92,9.24
89326EE009776,164.42,0.0,0.0
89326EE010729,110.68,0.0,0.0
89326EE010698,127.8,7.67,8.95
89326EE010714,138.6,8.32,9.7
89326EE010547,89.51,0.0,0.0
89326EE010742,107.4,0.0,0.0
89326EE010653,177.68,0.0,0.0
89326EE010579,110.92,0.0,0.0
89326EE007822,99.07,0.0,0.0
89326EE010725,121.55,7.29,8.51
89326EE010753,72.0,4.32,5.04
89326EE010711,305.0,18.3,21.35
89326EE010721,168.0,10.08,11.76
89326EE010727,133.2,7.99,9.32
89326EE010756,131.4,7.88,9.2
89326EE010712,408.0,24.49,28.57
89326EE010719,251.3,15.08,17.6
89326EE010724,118.4,7.1,8.29
89326EE010726,121.55,7.29,8.51
89326EE010532,114.0,6.84,7.98
89326EE010690,100.0,6.0,7.0
89326EE010650,422.1,25.33,29.56
89326EE010731,133.2,7.99,9.32
89326EE010740,125.8,7.55,8.81
89326EE005035,117.3,7.04,8.21
89326EE010743,128.7,7.72,9.01
89326EE010415,249.9,15.0,17.49
89326EE010739,133.2,7.99,9.32
89326EE010691,125.24,7.51,8.77
89326EE010715,0.0,0.0,0.0
89326EE010782,148.82,0.0,0.0
89326EE010780,93.5,5.61,6.55
89326EE010779,96.14,5.77,6.73
89326EE010781,93.5,5.61,6.55
89326EE010767,1888.2,113.3,132.18
89326EE010803,98.28,0.0,0.0
89326EE010806,119.0,7.14,8.33
89326EE010769,96.9,5.81,6.78
89326EE010807,119.0,7.14,8.33
89326EE010804,110.0,6.6,7.7
89326EE010811,96.9,5.81,6.78
89326EE010730,100.8,6.05,7.06
89326EE010805,99.0,5.94,6.93
89326EE010800,97.02,5.82,6.79
89326EE010766,88.29,5.3,6.18
89326EE010778,85.02,0.0,0.0
89326EE010810,88.24,0.0,0.0
89326EE010699,77.92,0.0,0.0
89326EE010773,98.1,5.89,6.87
89326EE010723,112.0,6.72,7.84
89326EE010765,98.1,5.89,6.87
89326EE010808,202.3,12.14,14.16
89326EE010801,97.75,5.87,6.84
89326EE007873,112.7,6.76,7.89
89326EE010760,77.61,4.66,5.43
89326EE010797,110.0,6.6,7.7
89326EE010794,99.0,5.94,6.93
89326EE010790,531.0,31.85,37.17
89326EE010796,97.02,5.82,6.79
89326EE010523,119.0,7.14,8.33
89326EE010799,115.0,6.9,8.05
89326EE010793,97.75,5.87,6.84
89326EE010595,95.26,5.72,6.67
89326EE009270,42.85,2.57,3.0
89326EE010798,115.0,6.9,8.05
89326EE010754,102.6,6.16,7.18
89326EE010777,85.02,0.0,0.0
89326EE010763,99.0,5.94,6.93
89326EE008276,79.1,4.75,5.54
89326EE010792,77.22,0.0,0.0
89326EE010764,99.0,5.94,6.93
89326EE010516,104.96,6.3,7.35
89326EE010789,77.22,0.0,0.0
89326EE010784,82.5,0.0,0.0
89326EE010783,148.82,0.0,0.0
89326EE010835,73.7,0.0,0.0
89326EE010855,70.9,0.0,0.0
89326EE010771,90.9,0.0,0.0
89326EE010843,70.9,0.0,0.0
89326EE010708,95.4,5.72,6.68
89326EE010830,1122.42,0.0,0.0
89326EE010827,100.0,6.0,7.0
89326EE010826,77.4,0.0,0.0
89326EE010828,459.0,27.54,32.13
89326EE007467,93.1,5.59,6.52
89326EE010834,90.0,5.4,6.3
89326EE010840,90.0,5.4,6.3
89326EE010762,807.7,48.46,56.54
89326EE010845,1719.6,103.16,120.32
89326EE010720,90.9,5.45,6.36
89326EE010841,90.0,5.4,6.3
89326EE010852,106.0,6.36,7.42
89326EE010862,78.17,0.0,0.0
89326EE009076,99.45,5.97,6.96
89326EE010859,86.86,0.0,0.0
89326EE010821,90.0,5.4,6.3
89326EE010864,106.0,6.36,7.42
89326EE010847,111.35,6.68,7.79
89326EE010633,102.0,6.12,7.14
89326EE010842,70.9,0.0,0.0
89326EE010641,319.48,19.18,22.36
89326EE010832,553.0,33.18,38.71
89326EE010848,90.9,5.45,6.36
89326EE010863,90.1,5.41,6.31
89326EE010858,95.4,5.72,6.68
89326EE010775,91.8,5.51,6.43
89326EE010857,90.1,5.41,6.31
89326EE010812,90.0,5.4,6.3
89326EE010786,102.0,6.12,7.14
89326EE010861,78.17,0.0,0.0
89326EE010865,106.0,6.36,7.42
89326EE010820,90.0,5.4,6.3
89326EE010844,90.1,5.41,6.31
89326EE010642,319.48,19.18,22.36
89326EE010898,87.05,0.0,0.0
89326EE010921,115.0,6.9,8.05
89326EE010924,72.0,4.32,5.04
89326EE010647,340.0,20.4,23.8
89326EE010870,102.6,6.16,7.18
89326EE010917,87.74,0.0,0.0
89326EE010916,145.0,8.7,10.15
89326EE010928,76.25,0.0,0.0
89326EE009463,115.0,6.9,8.05
89326EE010923,121.5,7.29,8.51
89326EE010802,113.4,6.8,7.94
89326EE010889,124.0,7.44,8.68
89326EE010922,103.5,6.21,7.25
89326EE010822,356.0,21.36,24.92
89326EE010942,53.0,0.0,0.0
89326EE010899,90.55,0.0,0.0
89326EE010906,102.0,6.12,7.14
89326EE010823,356.0,21.36,24.92
89326EE010904,116.1,6.97,8.13
89326EE010880,114.0,6.84,7.98
89326EE010918,120.0,7.2,8.4
89326EE010883,134.0,8.04,9.38
89326EE010926,120.0,7.2,8.4
89326EE010881,98.78,5.93,6.91
89326EE010879,115.0,6.9,8.05
89326EE010915,80.72,0.0,0.0
89326EE010913,108.0,6.48,7.56
89326EE010919,102.0,6.12,7.14
89326EE010920,102.0,6.12,7.14
89326EE007060,113.05,6.78,7.91
89326EE010833,105.84,6.35,7.41
89326EE010912,97.75,5.87,6.84
89326EE010745,99.44,5.97,6.96
89326EE010929,102.0,6.12,7.14
89326EE010890,248.0,14.88,17.36
89326EE009549,113.68,6.82,7.96
89326EE010932,108.0,6.48,7.56
89326EE010938,93.78,5.63,6.56
89326EE010933,108.0,6.48,7.56
89326EE010649,340.0,20.4,23.8
89326EE010648,340.0,20.4,23.8
89326EE010854,97.75,5.87,6.84
89326EE010897,111.6,6.7,7.81
89326EE010896,223.2,13.4,15.62
89326EE009309,101.7,6.1,7.12
89326EE010894,331.5,19.89,23.21
89326EE005983,113.05,6.78,7.91
89326EE010776,102.0,6.12,7.14
89326EE010892,105.4,6.32,7.38
89326EE010893,109.65,6.58,7.68
89326EE010866,1200.0,72.0,84.0
89326EE010931,102.0,6.12,7.14
89326EE010940,129.0,7.74,9.03
89326EE010908,111.6,0.0,0.0
89326EE010901,213.28,0.0,0.0
89326EE010907,111.6,0.0,0.0
89326EE010902,213.28,0.0,0.0
89326EE010867,294.06,0.0,0.0
89326EE010909,87.05,0.0,0.0
89326EE010746,99.44,5.97,6.96
89326EE010934,0.0,0.0,0.0
89326EE010502,73.7,0.0,0.0
89326EE010975,108.9,6.53,7.62
89326EE010860,119.0,7.14,8.33
89326EE011026,100.62,0.0,0.0
89326EE010575,98.1,5.89,6.87
89326EE010295,83.55,0.0,0.0
89326EE011027,135.0,8.1,9.45
89326EE010972,268.0,16.08,18.76
89326EE011030,121.5,7.29,8.51
89326EE011025,89.0,5.34,6.23
89326EE011034,119.7,7.18,8.38
89326EE010976,108.9,6.53,7.62
89326EE010986,102.85,6.17,7.2
89326EE010813,123.0,7.38,8.61
89326EE011033,113.05,6.78,7.91
89326EE010985,108.9,6.53,7.62
89326EE010501,73.7,0.0,0.0
89326EE010981,84.94,0.0,0.0
89326EE010446,104.0,6.24,7.28
89326EE011017,94.76,0.0,0.0
89326EE011014,130.0,7.8,9.1
89326EE010966,108.0,6.48,7.56
89326EE011016,114.75,6.89,8.03
89326EE011019,91.26,0.0,0.0
89326EE010983,84.94,0.0,0.0
89326EE010982,84.94,0.0,0.0
89326EE010447,104.0,6.24,7.28
89326EE010978,93.65,0.0,0.0
89326EE011029,117.0,7.02,8.19
89326EE010973,94.07,0.0,0.0
89326EE011028,121.5,7.29,8.51
89326EE010596,93.49,5.61,6.54
89326EE011013,98.0,5.88,6.86
89326EE010994,112.0,6.72,7.84
89326EE010951,84.94,0.0,0.0
89326EE010634,95.4,5.72,6.68
89326EE010997,112.0,6.72,7.84
89326EE010956,93.65,0.0,0.0
89326EE011009,139.5,8.37,9.77
89326EE010910,90.55,0.0,0.0
89326EE010838,131.42,7.89,9.2
89326EE010837,104.96,6.3,7.35
89326EE011018,111.0,6.66,7.77
89326EE010900,105.4,6.32,7.38
89326EE010992,98.0,5.88,6.86
89326EE010995,112.0,6.72,7.84
89326EE010963,108.0,6.48,7.56
89326EE009526,105.3,6.32,7.37
89326EE011008,114.75,6.89,8.03
89326EE009375,98.6,5.92,6.9
89326EE010836,101.15,6.07,7.08
89326EE010635,95.4,5.72,6.68
89326EE010996,112.0,6.72,7.84
89326EE010989,427.9,25.67,29.95
89326EE011109,134.0,8.04,9.38
89326EE011070,119.0,7.14,8.33
89326EE009357,484.2,29.05,33.9
89326EE011076,131.0,7.86,9.17
89326EE011118,134.1,8.05,9.39
89326EE011119,134.1,8.05,9.39
89326EE011085,119.85,7.19,8.39
89326EE011117,47.44,2.85,3.32
89326EE011082,117.9,7.07,8.25
89326EE011081,72.0,4.32,5.04
89326EE011087,251.6,15.1,17.61
89326EE006853,165.62,9.94,11.59
89326EE010119,102.0,6.12,7.14
89326EE011116,139.0,8.34,9.73
89326EE011077,116.96,7.02,8.19
89326EE011105,113.0,6.78,7.91
89326EE011061,114.3,6.86,8.0
89326EE011064,107.95,6.48,7.56
89326EE011063,114.3,6.86,8.0
89326EE011106,139.4,8.36,9.76
89326EE011048,98.28,0.0,0.0
89326EE011124,114.0,6.84,7.98
89326EE011095,86.86,0.0,0.0
89326EE011120,149.0,8.94,10.43
89326EE011123,267.0,16.02,18.69
89326EE010882,111.6,6.7,7.81
89326EE011050,109.0,6.54,7.63
89326EE011065,72.0,4.32,5.04
89326EE011100,104.52,0.0,0.0
89326EE011067,72.0,4.32,5.04
89326EE011069,151.0,9.06,10.57
89326EE011114,141.12,8.47,9.88
89326EE011079,116.96,7.02,8.19
89326EE011115,139.0,8.34,9.73
89326EE010359,47.44,2.85,3.32
89326EE011086,128.38,7.7,8.99
89326EE011089,131.0,7.86,9.17
89326EE010988,113.9,6.83,7.97
89326EE010990,525.6,31.54,36.79
89326EE011088,131.0,7.86,9.17
89326EE011049,109.0,6.54,7.63
89326EE011053,126.0,7.56,8.82
89326EE011096,136.22,8.17,9.54
89326EE010120,102.0,6.12,7.14
89326EE011060,114.3,6.86,8.0
89326EE011066,72.0,4.32,5.04
89326EE011101,118.15,7.09,8.27
89326EE011097,100.5,0.0,0.0
89326EE011015,104.52,0.0,0.0
89326EE011054,196.0,11.76,13.72
89326EE010788,96.72,0.0,0.0
89326EE011078,116.96,7.02,8.19
89326EE009438,77.22,0.0,0.0
89326EE009669,106.82,6.41,7.48
89326EE010062,101.15,6.07,7.08
89326EE011108,120.6,7.24,8.44
89326EE010504,133.45,8.01,9.34
89326EE011164,0.0,0.0,0.0
89326EE011162,0.0,0.0,0.0
89326EE011144,440.0,26.4,30.8
89326EE011167,0.0,0.0,0.0
89326EE009648,155.82,9.35,10.91
89326EE011185,166.6,10.0,11.66
89326EE011139,141.95,8.52,9.94
89326EE010355,133.45,8.01,9.34
89326EE008680,158.76,9.53,11.11
89326EE011131,264.6,15.88,18.52
89326EE011134,152.0,9.12,10.64
89326EE009215,1666.0,99.96,116.62
89326EE011179,133.38,0.0,0.0
89326EE010987,164.7,9.88,11.53
89326EE010588,95.47,0.0,0.0
89326EE011190,147.05,8.82,10.29
89326EE011152,72.0,4.32,5.04
89326EE011150,147.0,8.82,10.29
89326EE011183,72.0,4.32,5.04
89326EE011189,173.0,10.38,12.11
89326EE011166,0.0,0.0,0.0
89326EE011172,158.4,9.5,11.09
89326EE011133,124.95,7.5,8.75
89326EE011178,149.6,8.98,10.47
89326EE011138,132.3,7.94,9.26
89326EE011141,147.0,8.82,10.29
89326EE011188,166.6,10.0,11.66
89326EE010735,162.68,9.76,11.39
89326EE011194,155.7,9.34,10.9
89326EE011186,196.0,11.76,13.72
89326EE011156,149.4,8.96,10.46
89326EE011154,124.95,7.5,8.75
89326EE011153,136.85,8.21,9.58
89326EE010503,210.0,12.6,14.7
89326EE009236,338.1,20.28,23.67
89326EE011159,0.0,0.0,0.0
89326EE011158,323.0,19.38,22.61
89326EE008989,138.18,8.29,9.67
89326EE011083,128.7,0.0,0.0
89326EE010824,483.0,0.0,0.0
89326EE011184,693.0,41.58,48.51
89326EE011043,120.62,7.24,8.44
89326EE008961,130.34,7.82,9.12
89326EE011140,141.95,8.52,9.94
89326EE011142,108.78,6.53,7.61
89326EE011143,431.2,25.87,30.18
89326EE011165,0.0,0.0,0.0
89326EE011160,0.0,0.0,0.0
89326EE011151,343.2,0.0,0.0
89326EE011168,0.0,0.0,0.0
89326EE011132,114.66,0.0,0.0
89326EE011137,114.66,0.0,0.0
89326EE009850,127.81,7.67,8.94
89326EE010432,136.8,8.21,9.58
89326EE011170,141.1,8.47,9.88
89326EE011161,0.0,0.0,0.0
89326EE011163,0.0,0.0,0.0
89326EE011176,158.4,9.5,11.09
89326EE011182,145.35,0.0,0.0
89326EE010770,53.19,3.19,3.72
89326EE011242,0.0,0.0,0.0
89326EE011243,151.3,9.08,10.59
89326EE009343,118.26,7.1,8.28
89326EE011256,151.3,9.08,10.59
89326EE011255,155.7,9.34,10.9
89326EE011217,72.0,4.32,5.04
89326EE011045,136.0,8.16,9.52
89326EE011247,160.2,9.61,11.21
89326EE011206,166.0,9.96,11.62
89326EE011135,166.0,9.96,11.62
89326EE011240,178.0,10.68,12.46
89326EE010631,124.2,7.45,8.69
89326EE011250,160.2,9.61,11.21
89326EE007792,115.2,6.91,8.06
89326EE011216,125.75,7.55,8.8
89326EE011246,121.3,9.08,10.59
89326EE010437,106.92,6.42,7.48
89326EE011192,123.9,7.43,8.67
89326EE011232,98.0,5.88,6.86
89326EE011221,72.0,4.32,5.04
89326EE011226,151.2,9.07,10.58
89326EE011229,174.44,10.47,12.21
89326EE011227,201.6,12.1,14.12
89326EE011218,72.0,4.32,5.04
89326EE011261,162.9,9.77,11.4
89326EE009273,98.0,5.88,6.86
89326EE011225,124.32,7.46,8.7
89326EE011228,164.64,9.88,11.52
89326EE009274,98.0,5.88,6.86
89326EE011180,156.6,9.4,10.96
89326EE010856,147.0,8.82,10.29
89326EE011220,72.0,4.32,5.04
89326EE011254,151.3,9.08,10.59
89326EE010245,129.2,7.75,9.04
89326EE011213,115.5,6.93,8.09
89326EE010961,971.55,58.29,68.01
89326EE011219,72.0,4.32,5.04
89326EE011260,166.52,9.99,11.66
89326EE010968,133.2,7.99,9.32
89326EE011252,151.3,9.08,10.59
89326EE011251,174.44,10.47,12.21
89326EE011258,155.7,9.34,10.9
89326EE011253,151.3,9.08,10.59
89326EE011248,169.54,10.17,11.87
89326EE011238,155.7,9.34,10.9
89326EE011236,147.05,8.82,10.29
89326EE011233,131.04,0.0,0.0
89326EE011196,145.35,8.72,10.17
89326EE011237,155.7,9.34,10.9
89326EE011231,142.8,8.57,10.0
89326EE011300,0.0,0.0,0.0
89326EE010962,432.0,25.92,30.24
89326EE008006,118.0,7.08,8.26
89326EE011329,116.45,6.99,8.15
89326EE010316,115.6,6.94,8.09
89326EE010558,104.55,6.27,7.32
89326EE011326,113.05,6.78,7.91
89326EE011177,136.0,8.16,9.52
89326EE011280,98.0,5.88,6.86
89326EE005207,146.02,8.76,10.22
89326EE011205,115.6,6.94,8.09
89326EE011327,128.0,7.68,8.96
89326EE011315,133.0,7.98,9.31
89326EE011303,128.0,7.68,8.96
89326EE011277,107.95,6.48,7.56
89326EE011311,133.0,7.98,9.31
89326EE005038,125.8,7.55,8.81
89326EE011071,136.22,8.17,9.54
89326EE011310,113.05,6.78,7.91
89326EE011312,128.0,7.68,8.96
89326EE011147,1027.0,61.62,71.89
89326EE011223,196.0,11.76,13.72
89326EE011301,113.05,6.78,7.91
89326EE011267,114.3,6.86,8.0
89326EE011313,113.05,6.78,7.91
89326EE009592,99.63,5.98,6.97
89326EE011269,129.36,7.76,9.06
89326EE010974,127.4,7.64,8.92
89326EE011302,115.2,6.91,8.06
89326EE009346,104.55,6.27,7.32
89326EE011295,142.0,8.52,9.94
89326EE011298,113.05,6.78,7.91
89326EE011057,360.0,21.6,25.2
89326EE009080,100.3,6.02,7.02
89326EE011283,444.25,26.66,31.11
89326EE011321,115.2,6.91,8.06
89326EE011291,116.45,6.99,8.15
89326EE011290,135.0,8.1,9.45
89326EE011297,125.44,7.53,8.78
89326EE011331,267.0,16.02,18.69
89326EE011263,90.0,5.4,6.3
89326EE010967,109.65,6.58,7.68
89326EE011259,90.83,0.0,0.0
89326EE010964,936.0,56.16,65.52
89326EE011319,99.84,0.0,0.0
89326EE011324,99.84,0.0,0.0
89326EE011293,134.26,8.06,9.4
89326EE011288,1335.0,80.1,93.45
89326EE011318,113.05,6.78,7.91
89326EE011287,137.0,8.22,9.59
89326EE010438,77.72,0.0,0.0
89326EE011279,525.72,0.0,0.0
89326EE011284,99.06,5.94,6.93
89326EE011383,130.9,7.85,9.16
89326EE011409,10.86,-5.01,-5.85
89326EE011452,96.88,0.0,0.0
89326EE011398,117.9,7.07,8.25
89326EE011395,117.9,7.07,8.25
89326EE011396,259.2,15.55,18.14
89326EE011275,476.28,28.58,33.34
89326EE011351,570.0,34.2,39.9
89326EE010212,122.4,7.34,8.57
89326EE011393,123.48,7.41,8.64
89326EE009670,97.75,5.87,6.84
89326EE011146,122.0,7.32,8.54
89326EE011390,336.96,0.0,0.0
89326EE011274,476.28,28.58,33.34
89326EE011278,95.16,0.0,0.0
89326EE011397,111.35,6.68,7.79
89326EE010991,802.8,48.18,56.21
89326EE010888,45.78,2.75,3.2
89326EE011365,123.0,7.38,8.61
89326EE011401,113.4,6.8,7.94
89326EE011406,98.28,0.0,0.0
89326EE011408,126.0,7.56,8.82
89326EE011373,130.0,7.8,9.1
89326EE010885,196.0,11.76,13.72
89326EE011368,1246.0,74.76,87.22
89326EE011367,123.0,7.38,8.61
89326EE011379,130.9,7.85,9.16
89326EE011403,131.0,7.86,9.17
89326EE010574,98.0,5.88,6.86
89326EE011392,107.1,6.43,7.5
89326EE011074,121.0,7.26,8.47
89326EE011370,123.0,7.38,8.61
89326EE011328,112.5,6.75,7.88
89326EE011399,136.0,8.16,9.52
89326EE011453,135.24,8.11,9.47
89326EE011337,125.0,7.5,8.75
89326EE011385,72.0,4.32,5.04
89326EE011366,123.0,7.38,8.61
89326EE011286,196.0,11.76,13.72
89326EE011405,72.0,4.32,5.04
89326EE011362,125.44,7.53,8.78
89326EE011369,115.2,6.91,8.06
89326EE011402,104.8,6.29,7.34
89326EE011404,117.9,7.07,8.25
89326EE011448,128.38,7.7,8.99
89326EE011407,131.0,7.86,9.17
89326EE011455,143.0,8.58,10.01
89326EE010444,247.5,14.85,17.32
89326EE008920,113.68,6.82,7.96
89326EE011391,98.28,0.0,0.0
89326EE011364,92.25,0.0,0.0
89326EE011372,196.0,11.76,13.72
89326EE011410,121.68,0.0,0.0
89326EE011528,126.65,7.6,8.87
89326EE011554,71.54,4.29,5.01
89326EE011516,144.0,8.64,10.08
89326EE011482,784.0,47.04,54.88
89326EE011483,784.0,47.04,54.88
89326EE011481,139.5,8.37,9.77
89326EE011520,936.0,56.16,65.52
89326EE011570,167.0,10.02,11.69
89326EE011526,141.12,8.47,9.88
89326EE011533,150.45,9.03,10.53
89326EE011534,150.45,9.03,10.53
89326EE011546,172.0,10.32,12.04
89326EE011547,416.5,24.99,29.15
89326EE011522,100.8,6.05,7.06
89326EE011569,141.95,8.52,9.94
89326EE008724,143.0,8.58,10.01
89326EE011535,150.45,9.03,10.53
89326EE011563,159.3,9.56,11.15
89326EE011525,504.0,30.24,35.28
89326EE011568,167.0,10.02,11.69
89326EE010903,112.2,6.73,7.85
89326EE011519,936.0,56.16,65.52
89326EE011561,173.46,10.41,12.14
89326EE011521,432.0,25.92,30.24
89326EE011527,936.0,56.16,65.52
89326EE011560,159.3,9.56,11.15
89326EE011523,112.32,0.0,0.0
89326EE011512,123.25,7.4,8.63
89326EE011273,127.8,7.67,8.95
89326EE011538,342.0,20.52,23.94
89326EE011542,354.0,21.24,24.78
89326EE011543,146.2,8.77,10.23
89326EE011548,154.8,9.29,10.84
89326EE011507,313.0,18.78,21.91
89326EE011513,141.12,8.47,9.88
89326EE011514,144.0,8.64,10.08
89326EE011541,354.0,21.24,24.78
89326EE011557,159.3,9.56,11.15
89326EE009491,236.7,14.2,16.57
89326EE011304,128.35,7.7,8.98
89326EE011488,0.0,0.0,0.0
89326EE011550,147.92,0.0,0.0
89326EE011515,144.0,8.64,10.08
89326EE011544,134.16,0.0,0.0
89326EE011545,172.0,10.32,12.04
89326EE008536,90.72,5.44,6.35
89326EE011551,147.92,0.0,0.0
89326EE011532,118.56,0.0,0.0
89326EE011518,98.0,5.88,6.86
89326EE011524,112.32,0.0,0.0
89326EE011148,139.0,8.34,9.73
89326EE011529,129.6,0.0,0.0
89326EE007712,80.74,0.0,0.0
89326EE011502,113.1,0.0,0.0
89326EE009260,87.0,0.0,0.0
89326EE010068,108.82,0.0,0.0
89326EE011628,153.9,9.23,10.77
89326EE011662,145.35,8.72,10.17
89326EE011181,139.16,8.35,9.74
89326EE011622,164.0,9.84,11.48
89326EE011672,167.0,10.02,11.69
89326EE011358,72.0,4.32,5.04
89326EE011632,136.8,8.21,9.58
89326EE011679,172.0,10.32,12.04
89326EE011673,150.3,9.02,10.52
89326EE011031,115.6,6.94,8.09
89326EE011629,332.0,19.92,23.24
89326EE011676,144.0,8.64,10.08
89326EE011671,171.0,10.26,11.97
89326EE011658,153.9,9.23,10.77
89326EE011669,145.35,8.72,10.17
89326EE011068,144.0,8.64,10.08
89326EE011675,146.2,8.77,10.23
89326EE010248,114.3,6.86,8.0
89326EE011654,149.6,8.98,10.47
89326EE011674,167.0,10.02,11.69
89326EE011657,153.9,9.23,10.77
89326EE011536,160.0,9.6,11.2
89326EE011665,133.38,0.0,0.0
89326EE011647,145.35,8.72,10.17
89326EE011562,136.0,8.16,9.52
89326EE009574,192.78,11.57,13.49
89326EE011648,144.0,8.64,10.08
89326EE011600,159.74,9.58,11.18
89326EE011575,136.0,8.16,9.52
89326EE011497,245.7,0.0,0.0
89326EE011374,154.0,9.24,10.78
89326EE011573,136.0,8.16,9.52
89326EE011496,245.7,0.0,0.0
89326EE011493,1390.6,83.45,97.34
89326EE011650,144.0,8.64,10.08
89326EE011603,108.07,0.0,0.0
89326EE011487,433.5,26.02,30.34
89326EE007587,103.32,6.2,7.23
89326EE011727,163.2,9.79,11.42
89326EE011682,173.0,10.38,12.11
89326EE011722,148.75,8.93,10.41
89326EE011296,129.2,7.75,9.04
89326EE010436,438.21,26.3,30.68
89326EE009578,137.0,8.22,9.59
89326EE011742,145.0,8.7,10.15
89326EE011746,174.0,10.44,12.18
89326EE011752,147.9,8.87,10.35
89326EE011745,174.0,10.44,12.18
89326EE011708,145.0,8.7,10.15
89326EE011552,154.84,9.29,10.84
89326EE011707,145.35,8.72,10.17
89326EE011751,147.9,8.87,10.35
89326EE011754,174.0,10.44,12.18
89326EE011713,145.35,8.72,10.17
89326EE011693,168.56,10.11,11.8
89326EE011731,152.1,9.13,10.65
89326EE010562,110.5,6.63,7.74
89326EE011689,72.0,4.32,5.04
89326EE011728,125.0,7.5,8.75
89326EE011705,146.2,8.77,10.23
89326EE011738,72.0,4.32,5.04
89326EE011305,132.3,7.94,9.26
89326EE011744,169.0,10.14,11.83
89326EE011730,513.9,30.84,35.97
89326EE011741,145.0,8.7,10.15
89326EE011306,150.3,9.02,10.52
89326EE011729,132.6,0.0,0.0
89326EE011655,287.3,17.24,20.12
89326EE011712,135.75,0.0,0.0
89326EE011128,106.08,0.0,0.0
89326EE011604,141.9,0.0,0.0
89326EE011737,145.34,0.0,0.0
89326EE011720,127.5,0.0,0.0
89326EE010667,93.36,0.0,0.0
89326EE011711,135.75,0.0,0.0
89326EE011756,152.1,0.0,0.0
89326EE010198,75.79,0.0,0.0
89326EE011717,72.0,4.32,5.04
89326EE011814,161.1,9.67,11.28
89326EE011817,188.0,11.28,13.16
89326EE011815,179.0,10.74,12.53
89326EE011823,159.8,9.59,11.19
89326EE011821,309.4,18.57,21.66
89326EE010825,483.0,0.0,0.0
89326EE011777,133.92,0.0,0.0
89326EE011322,196.0,11.76,13.72
89326EE011323,196.0,11.76,13.72
89326EE011767,72.0,4.32,5.04
89326EE011809,98.0,5.88,6.86
89326EE011810,152.15,9.13,10.65
89326EE011811,152.15,9.13,10.65
89326EE011706,1011.5,60.7,70.82
89326EE008743,129.2,7.75,9.04
89326EE011820,169.2,10.15,11.84
89326EE011824,188.0,11.28,13.16
89326EE011816,179.0,10.74,12.53
89326EE011877,147.05,8.82,10.29
89326EE011862,147.05,8.82,10.29
89326EE011871,147.05,8.82,10.29
89326EE011865,147.05,8.82,10.29
89326EE011847,150.3,9.02,10.52
89326EE007909,112.2,6.73,7.85
89326EE011855,160.2,9.61,11.21
89326EE011872,147.05,8.82,10.29
89326EE009276,98.0,5.88,6.86
89326EE011869,168.0,10.08,11.76
89326EE011868,300.6,18.03,21.04
89326EE011831,174.0,10.44,12.18
89326EE011851,168.0,10.08,11.76
89326EE011858,168.0,10.08,11.76
89326EE011819,149.6,8.98,10.47
89326EE011864,147.05,8.82,10.29
89326EE009275,98.0,5.88,6.86
89326EE011880,96.3,5.78,6.74
89326EE011843,163.66,9.82,11.46
89326EE011325,147.9,8.87,10.35
89326EE011846,471.38,28.28,33.0
89326EE011849,150.3,9.02,10.52
89326EE011857,173.0,10.38,12.11
89326EE011844,163.66,9.82,11.46
89326EE011859,291.6,17.49,20.41
89326EE011782,185.0,11.1,12.95
89326EE011866,147.05,8.82,10.29
89326EE011822,316.8,19.0,22.18
89326EE011854,155.7,9.34,10.9
89326EE011845,163.66,9.82,11.46
89326EE011314,54.85,3.29,3.84
89326EE011879,100.8,6.05,7.06
89326EE011839,134.16,0.0,0.0
89326EE010439,94.77,0.0,0.0
89326EE011850,147.05,8.82,10.29
89326EE011380,138.06,0.0,0.0
89326EE011863,131.04,0.0,0.0
89326EE011838,141.95,0.0,0.0
89326EE011842,110.72,0.0,0.0
89326EE011848,159.3,0.0,0.0
89326EE010045,131.28,0.0,0.0
89326EE011826,156.6,0.0,0.0
89326EE011874,131.04,0.0,0.0
89326EE011825,137.28,0.0,0.0
89326EE011875,131.04,0.0,0.0
89326EE011834,144.3,0.0,0.0
89326EE010585,106.7,0.0,0.0
89326EE011876,131.04,0.0,0.0
89326EE011619,887.29,7.19,8.39
89326EE008143,119.56,7.17,8.37
89326EE011932,98.0,5.88,6.86
89326EE011948,132.6,7.96,9.28
89326EE008503,103.7,6.22,7.26
89326EE011952,132.6,7.96,9.28
89326EE011945,135.9,8.15,9.51
89326EE011937,490.0,29.4,34.3
89326EE011927,151.9,9.11,10.63
89326EE011934,490.0,29.4,34.3
89326EE011943,156.0,9.36,10.92
89326EE011944,1256.2,75.37,87.93
89326EE011951,151.0,9.06,10.57
89326EE010261,105.3,6.32,7.37
89326EE011704,120.7,7.24,8.45
89326EE010578,111.35,6.68,7.79
89326EE010795,133.0,7.98,9.31
89326EE011956,117.78,0.0,0.0
89326EE011928,142.1,8.53,9.95
89326EE011926,139.5,8.37,9.77
89326EE011836,104.09,0.0,0.0
89326EE011916,687.96,41.28,48.16
89326EE011930,1019.0,61.14,71.33
89326EE010869,98.0,5.88,6.86
89326EE010971,104.88,0.0,0.0
89326EE010877,392.0,23.52,27.44
89326EE011282,94.07,0.0,0.0
89326EE009659,98.0,5.88,6.86
89326EE012003,98.0,5.88,6.86
89326EE012017,52.0,3.12,3.64
89326EE010965,0.0,0.0,0.0
89326EE009293,52.0,3.12,3.64
89326EE011963,304.3,18.26,21.3
89326EE010953,196.0,11.76,13.72
89326EE011059,126.0,7.56,8.82
89326EE011612,474.0,28.44,33.18
89326EE011957,534.1,32.05,37.39
89326EE011760,294.0,17.64,20.58
89326EE010118,98.0,5.88,6.86
89326EE010914,153.0,9.18,10.71
89326EE012012,172.48,10.35,12.07
89326EE011666,0.0,0.0,0.0
89326EE011992,72.0,4.32,5.04
89326EE011073,298.9,17.93,20.92
89326EE009912,229.73,0.0,0.0
89326EE011996,177.0,10.62,12.39
89326EE010499,98.0,5.88,6.86
89326EE008860,507.58,30.47,35.54
89326EE010500,196.0,11.76,13.72
89326EE009733,98.0,5.88,6.86
89326EE011983,176.0,10.56,12.32
89326EE008861,507.58,30.47,35.54
89326EE011995,177.0,10.62,12.39
89326EE011936,125.3,7.52,8.77
89326EE011813,1198.54,71.91,83.9
89326EE011621,196.0,11.76,13.72
89326EE011984,176.0,10.56,12.32
89326EE011618,294.0,17.64,20.58
89326EE011982,98.0,5.88,6.86
89326EE011661,196.0,11.76,13.72
89326EE011740,167.45,10.05,11.72
89326EE010494,98.0,5.88,6.86
89326EE010110,294.0,17.64,20.58
89326EE011687,507.0,30.42,35.49
89326EE010636,98.0,5.88,6.86
89326EE011970,673.26,40.4,47.13
89326EE011294,142.1,8.53,9.95
89326EE011697,98.0,5.88,6.86
89326EE008063,196.0,0.0,0.0
89326EE010969,126.9,0.0,0.0
89326EE011778,267.54,0.0,0.0
89326EE011762,667.0,40.02,46.69
89326EE009566,118.0,7.08,8.26
89326EE011702,900.12,0.0,0.0
89326EE008062,98.0,0.0,0.0
89326EE011779,267.54,0.0,0.0
89326EE011766,196.0,11.76,13.72
89326EE011967,145.35,8.72,10.17
89326EE011971,150.45,9.03,10.53
89326EE012104,0.0,0.0,0.0
89326EE011347,196.0,11.76,13.72
89326EE011955,169.54,10.17,11.87
89326EE012099,160.65,9.64,11.25
89326EE010851,88.31,0.0,0.0
89326EE011345,196.0,11.76,13.72
89326EE012016,923.05,55.38,64.62
89326EE010063,87.74,0.0,0.0
89326EE012009,184.45,11.07,12.91
89326EE011979,176.0,10.56,12.32
89326EE011346,196.0,11.76,13.72
89326EE011985,182.0,10.92,12.74
89326EE012088,376.32,22.58,26.35
89326EE011344,196.0,11.76,13.72
89326EE011980,182.0,10.92,12.74
89326EE010849,85.33,0.0,0.0
89326EE010850,143.0,8.58,10.01
89326EE012103,1119.0,67.14,78.33
89326EE012105,170.0,10.2,11.9
89326EE012030,376.32,22.58,26.35
89326EE012113,186.15,11.17,13.03
89326EE012115,169.15,10.15,11.84
89326EE011966,98.0,5.88,6.86
89326EE012131,901.68,0.0,0.0
89326EE011977,317.9,19.07,22.25
89326EE012040,214.0,12.84,14.98
89326EE012130,901.68,0.0,0.0
89326EE012114,0.0,0.0,0.0
89326EE012119,98.0,5.88,6.86
89326EE012121,188.1,11.29,13.17
89326EE011914,81.89,4.91,5.73
89326EE011976,317.9,19.07,22.25
89326EE012118,183.6,11.02,12.85
89326EE010875,294.0,17.64,20.58
89326EE012120,350.02,0.0,0.0
89326EE010871,294.0,17.64,20.58
89326EE011795,616.5,36.99,43.16
89326EE012187,98.0,5.88,6.86
89326EE012193,72.0,4.32,5.04
89326EE011044,145.04,8.7,10.15
89326EE012185,182.75,10.97,12.79
89326EE012023,98.0,5.88,6.86
89326EE012205,202.0,12.12,14.14
89326EE012156,360.0,21.6,25.2
89326EE012143,180.2,10.81,12.61
89326EE012180,193.5,11.61,13.55
89326EE012168,185.3,11.12,12.97
89326EE009435,117.6,7.06,8.23
89326EE012112,176.8,10.61,12.38
89326EE012214,191.25,11.48,13.39
89326EE012175,185.3,11.12,12.97
89326EE011873,156.4,9.38,10.95
89326EE012209,191.25,11.48,13.39
89326EE012162,72.0,4.32,5.04
89326EE012204,202.0,12.12,14.14
89326EE012206,202.5,12.15,14.18
89326EE012163,152.6,9.16,10.68
89326EE012208,215.6,12.94,15.09
89326EE012184,176.0,10.56,12.32
89326EE011867,125.3,7.52,8.77
89326EE012211,225.0,13.5,15.75
89326EE012128,397.0,23.82,27.79
89326EE010009,79.2,4.75,5.54
89326EE012191,398.0,23.88,27.86
89326EE012190,193.5,11.61,13.55
89326EE011363,111.63,0.0,0.0
89326EE012199,154.44,0.0,0.0
89326EE009798,92.66,0.0,0.0
89326EE012188,289.21,0.0,0.0
89326EE012183,142.55,0.0,0.0
89326EE008479,81.11,4.87,5.68
89326EE009095,82.84,0.0,0.0
89326EE012182,289.21,0.0,0.0
89326EE012210,157.94,0.0,0.0
89326EE012270,145.34,0.0,0.0
89326EE012274,169.0,10.14,11.83
89326EE012279,147.05,8.82,10.29
89326EE012230,159.3,9.56,11.15
89326EE012277,65.08,3.9,4.56
89326EE012238,146.2,8.77,10.23
89326EE008007,115.0,6.9,8.05
89326EE012245,146.2,8.77,10.23
89326EE012280,147.05,8.82,10.29
89326EE012198,176.4,10.58,12.35
89326EE008513,0.0,0.0,0.0
89326EE011993,132.6,7.96,9.28
89326EE012267,98.0,5.88,6.86
89326EE012006,132.6,7.96,9.28
89326EE011990,123.31,0.0,0.0
89326EE012174,122.5,7.35,8.58
89326EE012268,143.65,8.62,10.06
89326EE012116,171.5,10.29,12.01
89326EE012278,142.8,8.57,10.0
89326EE012256,212.0,12.72,14.84
89326EE012259,147.9,8.87,10.35
89326EE012266,152.1,9.13,10.65
89326EE008979,98.0,5.88,6.86
89326EE012260,72.0,4.32,5.04
89326EE009499,81.7,0.0,0.0
89326EE009991,86.35,0.0,0.0
89326EE012176,711.0,42.66,49.77
89326EE012164,116.03,0.0,0.0
89326EE012276,117.94,0.0,0.0
89326EE008163,97.75,5.87,6.84
89326EE012258,143.65,8.62,10.06
89326EE012221,127.06,0.0,0.0
89326EE011384,203.73,0.0,0.0
89326EE011090,125.67,0.0,0.0
89326EE011653,131.82,0.0,0.0
89326EE011694,406.38,0.0,0.0
89326EE011765,157.56,0.0,0.0
89326EE011806,193.06,11.58,13.51
89326EE012231,57.7,3.46,4.04
89326EE012271,177.38,10.64,12.42
89326EE012303,156.4,9.38,10.95
89326EE012334,128.46,0.0,0.0
89326EE011994,207.0,0.0,0.0
89326EE012269,335.7,20.14,23.5
89326EE012325,164.7,9.88,11.53
89326EE012322,164.7,9.88,11.53
89326EE012315,152.15,9.13,10.65
89326EE009212,140.4,8.42,9.83
89326EE008263,135.24,8.11,9.47
89326EE012337,178.0,10.68,12.46
89326EE012341,160.2,9.61,11.21
89326EE008774,98.0,5.88,6.86
89326EE008265,135.24,8.11,9.47
89326EE012332,160.2,9.61,11.21
89326EE012302,179.0,10.74,12.53
89326EE010299,253.3,15.19,17.73
89326EE012331,331.2,19.87,23.18
89326EE008262,135.24,8.11,9.47
89326EE008267,135.24,8.11,9.47
89326EE012333,183.0,10.98,12.81
89326EE012257,182.0,10.92,12.74
89326EE012223,216.0,12.96,15.12
89326EE012330,153.08,0.0,0.0
89326EE012345,157.25,9.44,11.01
89326EE012336,164.7,9.88,11.53
89326EE008264,135.24,8.11,9.47
89326EE012170,169.15,10.15,11.84
89326EE012310,156.4,9.38,10.95
89326EE010113,130.05,7.8,9.1
89326EE010517,280.5,16.83,19.64
89326EE012281,187.0,11.22,13.09
89326EE012326,164.7,9.88,11.53
89326EE012329,155.55,9.33,10.89
89326EE012306,161.1,9.67,11.28
89326EE012309,161.1,0.0,0.0
89326EE012327,124.96,0.0,0.0
89326EE012339,145.96,0.0,0.0
89326EE012301,150.5,0.0,0.0
89326EE012346,153.0,0.0,0.0
89326EE012148,285.01,0.0,0.0
89326EE012347,119.34,0.0,0.0
89326EE012311,156.4,9.38,10.95
89326EE012420,372.0,22.32,26.04
89326EE012373,266.05,15.97,18.63
89326EE012410,154.7,9.28,10.83
89326EE012385,182.0,10.92,12.74
89326EE012418,186.0,11.16,13.02
89326EE012353,164.7,9.88,11.53
89326EE012386,182.0,10.92,12.74
89326EE010216,140.14,8.41,9.81
89326EE011308,152.28,9.14,10.66
89326EE012411,182.0,10.92,12.74
89326EE012414,120.0,7.2,8.4
89326EE012412,178.36,10.7,12.49
89326EE011307,152.28,9.14,10.66
89326EE011309,152.28,9.14,10.66
89326EE012007,72.0,4.32,5.04
89326EE012307,98.1,5.89,6.87
89326EE012419,372.0,22.32,26.04
89326EE012384,130.0,7.8,9.1
89326EE012387,146.2,8.77,10.23
89326EE009837,98.0,5.88,6.86
89326EE012409,220.5,13.24,15.44
89326EE012354,304.78,18.29,21.33
89326EE010716,168.0,10.08,11.76
89326EE012351,72.0,4.32,5.04
89326EE012395,127.76,0.0,0.0
89326EE010344,101.09,0.0,0.0
89326EE012416,167.4,10.04,11.72
89326EE012407,221.12,0.0,0.0
89326EE008827,183.0,0.0,0.0
89326EE012144,151.63,0.0,0.0
89326EE012389,124.25,0.0,0.0
89326EE012415,130.57,0.0,0.0
89326EE012352,183.0,10.98,12.81
89326EE012392,182.0,10.92,12.74
89326EE012355,155.55,9.33,10.89
89326EE012399,159.3,9.56,11.15
89326EE012390,159.3,9.56,11.15
89326EE009082,106.25,6.38,7.44
89326EE012324,190.0,11.4,13.3
89326EE012165,171.7,10.3,12.02
89326EE012323,171.0,10.26,11.97
89326EE012362,72.0,4.32,5.04
89326EE012391,80.17,4.81,5.61
89326EE012364,80.17,4.81,5.61
89326EE012413,127.76,0.0,0.0
89326EE012366,136.88,0.0,0.0
89326EE009836,80.17,4.81,5.61
89326EE012383,80.17,4.81,5.61
89326EE012363,72.0,4.32,5.04
89326EE012195,173.7,10.42,12.16
89326EE012361,72.0,4.32,5.04
89326EE008198,99.06,0.0,0.0
89326EE012246,133.38,0.0,0.0
89326EE012406,127.76,0.0,0.0
89326EE012404,141.96,0.0,0.0
89326EE012368,193.5,11.61,13.55
89326EE011997,110.5,6.63,7.74
89326EE012457,121.52,7.29,8.51
89326EE012465,119.0,7.14,8.33
89326EE012140,114.75,6.89,8.03
89326EE011338,90.3,5.42,6.32
89326EE012426,122.5,7.35,8.58
89326EE012468,119.0,7.14,8.33
89326EE012438,122.0,7.32,8.54
89326EE011498,118.8,7.13,8.32
89326EE012464,107.1,6.43,7.5
89326EE012453,105.4,6.32,7.38
89326EE012451,124.0,7.44,8.68
89326EE007453,146.02,8.76,10.22
89326EE012471,124.0,7.44,8.68
89326EE012479,111.35,6.68,7.79
89326EE012435,103.7,6.22,7.26
89326EE012397,115.2,6.91,8.06
89326EE012478,111.35,6.68,7.79
89326EE012450,107.95,6.48,7.56
89326EE012455,116.62,7.0,8.16
89326EE012472,124.0,7.44,8.68
89326EE009458,123.25,7.4,8.63
89326EE012461,89.25,0.0,0.0
89326EE012475,107.1,6.43,7.5
89326EE012447,103.7,6.22,7.26
89326EE010702,119.7,7.18,8.38
89326EE012480,131.0,7.86,9.17
89326EE012444,103.7,6.22,7.26
89326EE012436,103.7,6.22,7.26
89326EE012394,125.44,7.53,8.78
89326EE012473,124.0,7.44,8.68
89326EE007430,134.1,8.05,9.39
89326EE012429,125.0,7.5,8.75
89326EE012428,122.5,7.35,8.58
89326EE012463,90.55,0.0,0.0
89326EE012469,107.1,6.43,7.5
89326EE011614,112.2,6.73,7.85
89326EE012253,113.05,6.78,7.91
89326EE012459,107.1,6.43,7.5
89326EE012456,119.0,7.14,8.33
89326EE012433,127.0,7.62,8.89
89326EE008951,96.6,5.8,6.76
89326EE012285,98.0,5.88,6.86
89326EE009916,79.95,0.0,0.0
89326EE012445,119.56,7.17,8.37
89326EE012328,79.0,4.74,5.53
89326EE012172,89.51,0.0,0.0
89326EE011080,110.7,6.64,7.75
89326EE012448,85.64,0.0,0.0
